[{"model": "zerver.userprofile", "pk": 1, "fields": {"password": "!ZsZmz0Xq3eTafJDPq6RnL4ek6uNzd3WfXlixYIEn", "last_login": "2024-09-06T19:39:49.702Z", "is_superuser": false, "enter_sends": false, "left_side_userlist": false, "default_language": "en", "default_view": "recent_topics", "escape_navigates_to_default_view": true, "dense_mode": true, "fluid_layout_width": false, "high_contrast_mode": false, "translate_emoticons": false, "display_emoji_reaction_users": true, "twenty_four_hour_time": false, "starred_message_counts": true, "color_scheme": 1, "demote_inactive_streams": 1, "emojiset": "google", "user_list_style": 2, "email_notifications_batching_period_seconds": 120, "enable_stream_desktop_notifications": false, "enable_stream_email_notifications": false, "enable_stream_push_notifications": false, "enable_stream_audible_notifications": false, "notification_sound": "zulip", "wildcard_mentions_notify": true, "enable_desktop_notifications": true, "pm_content_in_desktop_notifications": true, "enable_sounds": true, "enable_offline_email_notifications": true, "message_content_in_email_notifications": true, "enable_offline_push_notifications": true, "enable_online_push_notifications": true, "desktop_icon_count_display": 1, "enable_digest_emails": true, "enable_login_emails": true, "enable_marketing_emails": true, "realm_name_in_notifications": false, "presence_enabled": true, "enable_drafts_synchronization": true, "send_stream_typing_notifications": true, "send_private_typing_notifications": true, "send_read_receipts": true, "delivery_email": "emailgateway@zulip.com", "email": "emailgateway@zulip.com", "realm": 1, "recipient": 101, "full_name": "Email Gateway", "date_joined": "2024-09-06T19:39:49.702Z", "tos_version": null, "api_key": "WWA9SDwXntayTIWq5jCnCHqQKQ4rEfFS", "uuid": "b4d19525-f70c-4934-9f55-66b7163e314d", "is_staff": false, "is_active": true, "is_billing_admin": false, "is_bot": true, "bot_type": 1, "bot_owner": 1, "role": 400, "long_term_idle": false, "last_active_message_id": null, "is_mirror_dummy": false, "can_forge_sender": true, "can_create_users": false, "last_reminder": null, "rate_limits": "", "default_sending_stream": null, "default_events_register_stream": null, "default_all_public_streams": false, "timezone": "", "avatar_source": "G", "avatar_version": 1, "avatar_hash": null, "tutorial_status": "F", "onboarding_steps": "[]", "zoom_token": null, "groups": [], "user_permissions": []}}, {"model": "zerver.userprofile", "pk": 2, "fields": {"password": "!WvvFj2yHQhY1h4naqhv9GTTAXoDliYQqVBbX7lkj", "last_login": "2024-09-06T19:39:49.702Z", "is_superuser": false, "enter_sends": false, "left_side_userlist": false, "default_language": "en", "default_view": "recent_topics", "escape_navigates_to_default_view": true, "dense_mode": true, "fluid_layout_width": false, "high_contrast_mode": false, "translate_emoticons": false, "display_emoji_reaction_users": true, "twenty_four_hour_time": false, "starred_message_counts": true, "color_scheme": 1, "demote_inactive_streams": 1, "emojiset": "google", "user_list_style": 2, "email_notifications_batching_period_seconds": 120, "enable_stream_desktop_notifications": false, "enable_stream_email_notifications": false, "enable_stream_push_notifications": false, "enable_stream_audible_notifications": false, "notification_sound": "zulip", "wildcard_mentions_notify": true, "enable_desktop_notifications": true, "pm_content_in_desktop_notifications": true, "enable_sounds": true, "enable_offline_email_notifications": true, "message_content_in_email_notifications": true, "enable_offline_push_notifications": true, "enable_online_push_notifications": true, "desktop_icon_count_display": 1, "enable_digest_emails": true, "enable_login_emails": true, "enable_marketing_emails": true, "realm_name_in_notifications": false, "presence_enabled": true, "enable_drafts_synchronization": true, "send_stream_typing_notifications": true, "send_private_typing_notifications": true, "send_read_receipts": true, "delivery_email": "nagios-receive-bot@zulip.com", "email": "nagios-receive-bot@zulip.com", "realm": 1, "recipient": 102, "full_name": "Nagios Receive Bot", "date_joined": "2024-09-06T19:39:49.702Z", "tos_version": null, "api_key": "eB14VPSS2ksBAUGq9lrFmvNdGYyY1u7f", "uuid": "d347f5c8-e39c-4c51-9a29-283d598eb4df", "is_staff": false, "is_active": true, "is_billing_admin": false, "is_bot": true, "bot_type": 1, "bot_owner": 2, "role": 400, "long_term_idle": false, "last_active_message_id": null, "is_mirror_dummy": false, "can_forge_sender": false, "can_create_users": false, "last_reminder": null, "rate_limits": "", "default_sending_stream": null, "default_events_register_stream": null, "default_all_public_streams": false, "timezone": "", "avatar_source": "G", "avatar_version": 1, "avatar_hash": null, "tutorial_status": "F", "onboarding_steps": "[]", "zoom_token": null, "groups": [], "user_permissions": []}}, {"model": "zerver.userprofile", "pk": 3, "fields": {"password": "!Kgtqqd7wkjmIaHUUq7EdvvrWOaqlUnJkQ36XnEo9", "last_login": "2024-09-06T19:39:49.702Z", "is_superuser": false, "enter_sends": false, "left_side_userlist": false, "default_language": "en", "default_view": "recent_topics", "escape_navigates_to_default_view": true, "dense_mode": true, "fluid_layout_width": false, "high_contrast_mode": false, "translate_emoticons": false, "display_emoji_reaction_users": true, "twenty_four_hour_time": false, "starred_message_counts": true, "color_scheme": 1, "demote_inactive_streams": 1, "emojiset": "google", "user_list_style": 2, "email_notifications_batching_period_seconds": 120, "enable_stream_desktop_notifications": false, "enable_stream_email_notifications": false, "enable_stream_push_notifications": false, "enable_stream_audible_notifications": false, "notification_sound": "zulip", "wildcard_mentions_notify": true, "enable_desktop_notifications": true, "pm_content_in_desktop_notifications": true, "enable_sounds": true, "enable_offline_email_notifications": true, "message_content_in_email_notifications": true, "enable_offline_push_notifications": true, "enable_online_push_notifications": true, "desktop_icon_count_display": 1, "enable_digest_emails": true, "enable_login_emails": true, "enable_marketing_emails": true, "realm_name_in_notifications": false, "presence_enabled": true, "enable_drafts_synchronization": true, "send_stream_typing_notifications": true, "send_private_typing_notifications": true, "send_read_receipts": true, "delivery_email": "nagios-send-bot@zulip.com", "email": "nagios-send-bot@zulip.com", "realm": 1, "recipient": 103, "full_name": "Nagios Send Bot", "date_joined": "2024-09-06T19:39:49.702Z", "tos_version": null, "api_key": "rKxUOfQSDONmDV4OvXSpZR8ALPVlpQVb", "uuid": "5ea52217-3aec-4ada-adbc-c76fda8b8ba2", "is_staff": false, "is_active": true, "is_billing_admin": false, "is_bot": true, "bot_type": 1, "bot_owner": 3, "role": 400, "long_term_idle": false, "last_active_message_id": null, "is_mirror_dummy": false, "can_forge_sender": false, "can_create_users": false, "last_reminder": null, "rate_limits": "", "default_sending_stream": null, "default_events_register_stream": null, "default_all_public_streams": false, "timezone": "", "avatar_source": "G", "avatar_version": 1, "avatar_hash": null, "tutorial_status": "F", "onboarding_steps": "[]", "zoom_token": null, "groups": [], "user_permissions": []}}, {"model": "zerver.userprofile", "pk": 4, "fields": {"password": "!UJLQtbFeaXOR4AruRCJbqW6C2lyGCL8b6EkpLeSC", "last_login": "2024-09-06T19:39:49.703Z", "is_superuser": false, "enter_sends": false, "left_side_userlist": false, "default_language": "en", "default_view": "recent_topics", "escape_navigates_to_default_view": true, "dense_mode": true, "fluid_layout_width": false, "high_contrast_mode": false, "translate_emoticons": false, "display_emoji_reaction_users": true, "twenty_four_hour_time": false, "starred_message_counts": true, "color_scheme": 1, "demote_inactive_streams": 1, "emojiset": "google", "user_list_style": 2, "email_notifications_batching_period_seconds": 120, "enable_stream_desktop_notifications": false, "enable_stream_email_notifications": false, "enable_stream_push_notifications": false, "enable_stream_audible_notifications": false, "notification_sound": "zulip", "wildcard_mentions_notify": true, "enable_desktop_notifications": true, "pm_content_in_desktop_notifications": true, "enable_sounds": true, "enable_offline_email_notifications": true, "message_content_in_email_notifications": true, "enable_offline_push_notifications": true, "enable_online_push_notifications": true, "desktop_icon_count_display": 1, "enable_digest_emails": true, "enable_login_emails": true, "enable_marketing_emails": true, "realm_name_in_notifications": false, "presence_enabled": true, "enable_drafts_synchronization": true, "send_stream_typing_notifications": true, "send_private_typing_notifications": true, "send_read_receipts": true, "delivery_email": "notification-bot@zulip.com", "email": "notification-bot@zulip.com", "realm": 1, "recipient": 104, "full_name": "Notification Bot", "date_joined": "2024-09-06T19:39:49.703Z", "tos_version": null, "api_key": "zzQmjWvF5Qu58tZFV3gjjxgY5ub8HerZ", "uuid": "8672d592-e564-4e10-8d0e-31eb2345b973", "is_staff": false, "is_active": true, "is_billing_admin": false, "is_bot": true, "bot_type": 1, "bot_owner": 4, "role": 400, "long_term_idle": false, "last_active_message_id": null, "is_mirror_dummy": false, "can_forge_sender": false, "can_create_users": false, "last_reminder": null, "rate_limits": "", "default_sending_stream": null, "default_events_register_stream": null, "default_all_public_streams": false, "timezone": "", "avatar_source": "G", "avatar_version": 1, "avatar_hash": null, "tutorial_status": "F", "onboarding_steps": "[]", "zoom_token": null, "groups": [], "user_permissions": []}}, {"model": "zerver.userprofile", "pk": 5, "fields": {"password": "!Trtr0n3ocYoLdm6qIk4K9vxQ0W9bQDUBX9X9doxu", "last_login": "2024-09-06T19:39:49.703Z", "is_superuser": false, "enter_sends": false, "left_side_userlist": false, "default_language": "en", "default_view": "recent_topics", "escape_navigates_to_default_view": true, "dense_mode": true, "fluid_layout_width": false, "high_contrast_mode": false, "translate_emoticons": false, "display_emoji_reaction_users": true, "twenty_four_hour_time": false, "starred_message_counts": true, "color_scheme": 1, "demote_inactive_streams": 1, "emojiset": "google", "user_list_style": 2, "email_notifications_batching_period_seconds": 120, "enable_stream_desktop_notifications": false, "enable_stream_email_notifications": false, "enable_stream_push_notifications": false, "enable_stream_audible_notifications": false, "notification_sound": "zulip", "wildcard_mentions_notify": true, "enable_desktop_notifications": true, "pm_content_in_desktop_notifications": true, "enable_sounds": true, "enable_offline_email_notifications": true, "message_content_in_email_notifications": true, "enable_offline_push_notifications": true, "enable_online_push_notifications": true, "desktop_icon_count_display": 1, "enable_digest_emails": true, "enable_login_emails": true, "enable_marketing_emails": true, "realm_name_in_notifications": false, "presence_enabled": true, "enable_drafts_synchronization": true, "send_stream_typing_notifications": true, "send_private_typing_notifications": true, "send_read_receipts": true, "delivery_email": "welcome-bot@zulip.com", "email": "welcome-bot@zulip.com", "realm": 1, "recipient": 105, "full_name": "Welcome Bot", "date_joined": "2024-09-06T19:39:49.703Z", "tos_version": null, "api_key": "nCCXBIv9U10DFwlWOkAj3PZntpNBwESb", "uuid": "4c3e92ea-b44d-4a0d-9181-7c299b3a18df", "is_staff": false, "is_active": true, "is_billing_admin": false, "is_bot": true, "bot_type": 1, "bot_owner": 5, "role": 400, "long_term_idle": false, "last_active_message_id": null, "is_mirror_dummy": false, "can_forge_sender": false, "can_create_users": false, "last_reminder": null, "rate_limits": "", "default_sending_stream": null, "default_events_register_stream": null, "default_all_public_streams": false, "timezone": "", "avatar_source": "G", "avatar_version": 1, "avatar_hash": null, "tutorial_status": "F", "onboarding_steps": "[]", "zoom_token": null, "groups": [], "user_permissions": []}}, {"model": "zerver.userprofile", "pk": 6, "fields": {"password": "sha1$4iMx0rtVQ5OvUPHESe80bF$856f302391aea731bde1964b9e46ad0b843cae54", "last_login": "2024-09-06T19:39:50.015Z", "is_superuser": false, "enter_sends": true, "left_side_userlist": false, "default_language": "en", "default_view": "recent_topics", "escape_navigates_to_default_view": true, "dense_mode": true, "fluid_layout_width": false, "high_contrast_mode": false, "translate_emoticons": false, "display_emoji_reaction_users": true, "twenty_four_hour_time": false, "starred_message_counts": true, "color_scheme": 1, "demote_inactive_streams": 1, "emojiset": "google", "user_list_style": 2, "email_notifications_batching_period_seconds": 120, "enable_stream_desktop_notifications": false, "enable_stream_email_notifications": false, "enable_stream_push_notifications": false, "enable_stream_audible_notifications": false, "notification_sound": "zulip", "wildcard_mentions_notify": true, "enable_desktop_notifications": true, "pm_content_in_desktop_notifications": true, "enable_sounds": true, "enable_offline_email_notifications": true, "message_content_in_email_notifications": true, "enable_offline_push_notifications": true, "enable_online_push_notifications": true, "desktop_icon_count_display": 1, "enable_digest_emails": true, "enable_login_emails": true, "enable_marketing_emails": true, "realm_name_in_notifications": false, "presence_enabled": true, "enable_drafts_synchronization": true, "send_stream_typing_notifications": true, "send_private_typing_notifications": true, "send_read_receipts": true, "delivery_email": "AARON@zulip.com", "email": "user6@zulip.testserver", "realm": 2, "recipient": 112, "full_name": "aaron", "date_joined": "2024-09-06T19:39:50.015Z", "tos_version": "1.0", "api_key": "Yyzu7yFGmqV8MWbjJ56o3BnlU6wgN5nu", "uuid": "f0a80bae-8691-456e-a07d-fe04e61a3df1", "is_staff": false, "is_active": true, "is_billing_admin": false, "is_bot": false, "bot_type": null, "bot_owner": null, "role": 400, "long_term_idle": false, "last_active_message_id": null, "is_mirror_dummy": false, "can_forge_sender": false, "can_create_users": false, "last_reminder": null, "rate_limits": "", "default_sending_stream": null, "default_events_register_stream": null, "default_all_public_streams": false, "timezone": "US/Pacific", "avatar_source": "G", "avatar_version": 1, "avatar_hash": null, "tutorial_status": "F", "onboarding_steps": "[]", "zoom_token": null, "groups": [], "user_permissions": []}}, {"model": "zerver.userprofile", "pk": 7, "fields": {"password": "sha1$eOigsxHkik8v5lRjVUp9mT$211e8a3396d05ebc5d44b30078e28aa3a9fc8f6a", "last_login": "2024-09-06T19:39:50.016Z", "is_superuser": false, "enter_sends": true, "left_side_userlist": false, "default_language": "en", "default_view": "recent_topics", "escape_navigates_to_default_view": true, "dense_mode": true, "fluid_layout_width": false, "high_contrast_mode": false, "translate_emoticons": false, "display_emoji_reaction_users": true, "twenty_four_hour_time": false, "starred_message_counts": true, "color_scheme": 1, "demote_inactive_streams": 1, "emojiset": "google", "user_list_style": 2, "email_notifications_batching_period_seconds": 120, "enable_stream_desktop_notifications": false, "enable_stream_email_notifications": false, "enable_stream_push_notifications": false, "enable_stream_audible_notifications": false, "notification_sound": "zulip", "wildcard_mentions_notify": true, "enable_desktop_notifications": true, "pm_content_in_desktop_notifications": true, "enable_sounds": true, "enable_offline_email_notifications": true, "message_content_in_email_notifications": true, "enable_offline_push_notifications": true, "enable_online_push_notifications": true, "desktop_icon_count_display": 1, "enable_digest_emails": true, "enable_login_emails": true, "enable_marketing_emails": true, "realm_name_in_notifications": false, "presence_enabled": true, "enable_drafts_synchronization": true, "send_stream_typing_notifications": true, "send_private_typing_notifications": true, "send_read_receipts": true, "delivery_email": "ZOE@zulip.com", "email": "user7@zulip.testserver", "realm": 2, "recipient": 113, "full_name": "Zoe", "date_joined": "2024-09-06T19:39:50.016Z", "tos_version": "1.0", "api_key": "hrSvmjhvuCMpghZJzLRDVTQXLda6XPq8", "uuid": "3b397be5-8ccb-4755-b0ec-4c48d29f18ea", "is_staff": false, "is_active": true, "is_billing_admin": false, "is_bot": false, "bot_type": null, "bot_owner": null, "role": 400, "long_term_idle": false, "last_active_message_id": null, "is_mirror_dummy": false, "can_forge_sender": false, "can_create_users": false, "last_reminder": null, "rate_limits": "", "default_sending_stream": null, "default_events_register_stream": null, "default_all_public_streams": false, "timezone": "US/Eastern", "avatar_source": "G", "avatar_version": 1, "avatar_hash": null, "tutorial_status": "F", "onboarding_steps": "[]", "zoom_token": null, "groups": [], "user_permissions": []}}, {"model": "zerver.userprofile", "pk": 8, "fields": {"password": "sha1$U6cIbUXZYwT1zesSQ8N7Qn$b7e6ef3e3197afade6eb65470a7b7973f86b349b", "last_login": "2024-09-06T19:39:50.017Z", "is_superuser": false, "enter_sends": true, "left_side_userlist": false, "default_language": "en", "default_view": "recent_topics", "escape_navigates_to_default_view": true, "dense_mode": true, "fluid_layout_width": false, "high_contrast_mode": false, "translate_emoticons": false, "display_emoji_reaction_users": true, "twenty_four_hour_time": false, "starred_message_counts": true, "color_scheme": 1, "demote_inactive_streams": 1, "emojiset": "google", "user_list_style": 2, "email_notifications_batching_period_seconds": 120, "enable_stream_desktop_notifications": false, "enable_stream_email_notifications": false, "enable_stream_push_notifications": false, "enable_stream_audible_notifications": false, "notification_sound": "zulip", "wildcard_mentions_notify": true, "enable_desktop_notifications": true, "pm_content_in_desktop_notifications": true, "enable_sounds": true, "enable_offline_email_notifications": true, "message_content_in_email_notifications": true, "enable_offline_push_notifications": true, "enable_online_push_notifications": true, "desktop_icon_count_display": 1, "enable_digest_emails": true, "enable_login_emails": true, "enable_marketing_emails": true, "realm_name_in_notifications": false, "presence_enabled": true, "enable_drafts_synchronization": true, "send_stream_typing_notifications": true, "send_private_typing_notifications": true, "send_read_receipts": true, "delivery_email": "cordelia@zulip.com", "email": "user8@zulip.testserver", "realm": 2, "recipient": 114, "full_name": "Cordelia, Lear's daughter", "date_joined": "2024-09-06T19:39:50.017Z", "tos_version": "1.0", "api_key": "10aawriwtbMUKUDa3DDVjEyc9UJHrUda", "uuid": "6d48f30e-d920-4a37-9e3c-670d703583b0", "is_staff": false, "is_active": true, "is_billing_admin": false, "is_bot": false, "bot_type": null, "bot_owner": null, "role": 400, "long_term_idle": false, "last_active_message_id": null, "is_mirror_dummy": false, "can_forge_sender": false, "can_create_users": false, "last_reminder": null, "rate_limits": "", "default_sending_stream": null, "default_events_register_stream": null, "default_all_public_streams": false, "timezone": "UTC", "avatar_source": "G", "avatar_version": 1, "avatar_hash": null, "tutorial_status": "F", "onboarding_steps": "[]", "zoom_token": null, "groups": [], "user_permissions": []}}, {"model": "zerver.userprofile", "pk": 9, "fields": {"password": "sha1$mdqtkLXvyxsGVnvJttBOSM$b6fe58c95295b459a3ddbe95c1eae54a32754cee", "last_login": "2024-09-06T19:39:50.018Z", "is_superuser": false, "enter_sends": true, "left_side_userlist": false, "default_language": "en", "default_view": "recent_topics", "escape_navigates_to_default_view": true, "dense_mode": true, "fluid_layout_width": false, "high_contrast_mode": false, "translate_emoticons": false, "display_emoji_reaction_users": true, "twenty_four_hour_time": false, "starred_message_counts": true, "color_scheme": 1, "demote_inactive_streams": 1, "emojiset": "google", "user_list_style": 2, "email_notifications_batching_period_seconds": 120, "enable_stream_desktop_notifications": false, "enable_stream_email_notifications": false, "enable_stream_push_notifications": false, "enable_stream_audible_notifications": false, "notification_sound": "zulip", "wildcard_mentions_notify": true, "enable_desktop_notifications": true, "pm_content_in_desktop_notifications": true, "enable_sounds": true, "enable_offline_email_notifications": true, "message_content_in_email_notifications": true, "enable_offline_push_notifications": true, "enable_online_push_notifications": true, "desktop_icon_count_display": 1, "enable_digest_emails": true, "enable_login_emails": true, "enable_marketing_emails": true, "realm_name_in_notifications": false, "presence_enabled": true, "enable_drafts_synchronization": true, "send_stream_typing_notifications": true, "send_private_typing_notifications": true, "send_read_receipts": true, "delivery_email": "desdemona@zulip.com", "email": "user9@zulip.testserver", "realm": 2, "recipient": 115, "full_name": "Desdemona", "date_joined": "2024-09-06T19:39:50.018Z", "tos_version": "1.0", "api_key": "O8HPc4wD1k5qCZwRTqKGgv08XmMO9B1A", "uuid": "670ddf2f-b0e2-444a-ad0a-33f181d113fd", "is_staff": false, "is_active": true, "is_billing_admin": false, "is_bot": false, "bot_type": null, "bot_owner": null, "role": 100, "long_term_idle": false, "last_active_message_id": null, "is_mirror_dummy": false, "can_forge_sender": false, "can_create_users": false, "last_reminder": null, "rate_limits": "", "default_sending_stream": null, "default_events_register_stream": null, "default_all_public_streams": false, "timezone": "Canada/Newfoundland", "avatar_source": "G", "avatar_version": 1, "avatar_hash": null, "tutorial_status": "F", "onboarding_steps": "[]", "zoom_token": null, "groups": [], "user_permissions": []}}, {"model": "zerver.userprofile", "pk": 10, "fields": {"password": "sha1$dk3jw1sctAUPeuCYrtxV5U$5673f0a8d6472eac89f24c7896853e40b3c4ef54", "last_login": "2024-09-06T19:39:50.019Z", "is_superuser": false, "enter_sends": true, "left_side_userlist": false, "default_language": "en", "default_view": "recent_topics", "escape_navigates_to_default_view": true, "dense_mode": true, "fluid_layout_width": false, "high_contrast_mode": false, "translate_emoticons": false, "display_emoji_reaction_users": true, "twenty_four_hour_time": false, "starred_message_counts": true, "color_scheme": 1, "demote_inactive_streams": 1, "emojiset": "google", "user_list_style": 2, "email_notifications_batching_period_seconds": 120, "enable_stream_desktop_notifications": false, "enable_stream_email_notifications": false, "enable_stream_push_notifications": false, "enable_stream_audible_notifications": false, "notification_sound": "zulip", "wildcard_mentions_notify": true, "enable_desktop_notifications": true, "pm_content_in_desktop_notifications": true, "enable_sounds": true, "enable_offline_email_notifications": true, "message_content_in_email_notifications": true, "enable_offline_push_notifications": true, "enable_online_push_notifications": true, "desktop_icon_count_display": 1, "enable_digest_emails": true, "enable_login_emails": true, "enable_marketing_emails": true, "realm_name_in_notifications": false, "presence_enabled": true, "enable_drafts_synchronization": true, "send_stream_typing_notifications": true, "send_private_typing_notifications": true, "send_read_receipts": true, "delivery_email": "hamlet@zulip.com", "email": "user10@zulip.testserver", "realm": 2, "recipient": 116, "full_name": "King Hamlet", "date_joined": "2024-09-06T19:39:50.019Z", "tos_version": "1.0", "api_key": "1ei2v1oONnttvW1ZI8CNnDnmMUhxSJlv", "uuid": "24bc75a1-7ffb-4eed-8b2f-ee564bbea7a5", "is_staff": false, "is_active": true, "is_billing_admin": false, "is_bot": false, "bot_type": null, "bot_owner": null, "role": 400, "long_term_idle": false, "last_active_message_id": null, "is_mirror_dummy": false, "can_forge_sender": false, "can_create_users": false, "last_reminder": null, "rate_limits": "", "default_sending_stream": null, "default_events_register_stream": null, "default_all_public_streams": false, "timezone": "", "avatar_source": "G", "avatar_version": 1, "avatar_hash": null, "tutorial_status": "F", "onboarding_steps": "[]", "zoom_token": null, "groups": [], "user_permissions": []}}, {"model": "zerver.userprofile", "pk": 11, "fields": {"password": "sha1$sDsk8rW33Tqxef01BkxQdj$86721a4fc05ab44213fbdef698a4d07a64f58aa1", "last_login": "2024-09-06T19:39:50.020Z", "is_superuser": false, "enter_sends": true, "left_side_userlist": false, "default_language": "en", "default_view": "recent_topics", "escape_navigates_to_default_view": true, "dense_mode": true, "fluid_layout_width": false, "high_contrast_mode": false, "translate_emoticons": false, "display_emoji_reaction_users": true, "twenty_four_hour_time": false, "starred_message_counts": true, "color_scheme": 1, "demote_inactive_streams": 1, "emojiset": "google", "user_list_style": 2, "email_notifications_batching_period_seconds": 120, "enable_stream_desktop_notifications": false, "enable_stream_email_notifications": false, "enable_stream_push_notifications": false, "enable_stream_audible_notifications": false, "notification_sound": "zulip", "wildcard_mentions_notify": true, "enable_desktop_notifications": true, "pm_content_in_desktop_notifications": true, "enable_sounds": true, "enable_offline_email_notifications": true, "message_content_in_email_notifications": true, "enable_offline_push_notifications": true, "enable_online_push_notifications": true, "desktop_icon_count_display": 1, "enable_digest_emails": true, "enable_login_emails": true, "enable_marketing_emails": true, "realm_name_in_notifications": false, "presence_enabled": true, "enable_drafts_synchronization": true, "send_stream_typing_notifications": true, "send_private_typing_notifications": true, "send_read_receipts": true, "delivery_email": "iago@zulip.com", "email": "user11@zulip.testserver", "realm": 2, "recipient": 117, "full_name": "Iago", "date_joined": "2024-09-06T19:39:50.020Z", "tos_version": "1.0", "api_key": "0KvmrzNBgxOre7cM3FvI4DWu6CRKMmRD", "uuid": "c9bb1d29-30eb-44c3-a65d-fa6b05b0ca36", "is_staff": true, "is_active": true, "is_billing_admin": false, "is_bot": false, "bot_type": null, "bot_owner": null, "role": 200, "long_term_idle": false, "last_active_message_id": null, "is_mirror_dummy": false, "can_forge_sender": false, "can_create_users": false, "last_reminder": null, "rate_limits": "", "default_sending_stream": null, "default_events_register_stream": null, "default_all_public_streams": false, "timezone": "US/Eastern", "avatar_source": "G", "avatar_version": 1, "avatar_hash": null, "tutorial_status": "F", "onboarding_steps": "[]", "zoom_token": null, "groups": [], "user_permissions": []}}, {"model": "zerver.userprofile", "pk": 12, "fields": {"password": "sha1$twpbDVoFNy36wJnyFQmA3C$4d6294574fda5e15a8509a140cf0c179f5b078df", "last_login": "2024-09-06T19:39:50.020Z", "is_superuser": false, "enter_sends": true, "left_side_userlist": false, "default_language": "en", "default_view": "recent_topics", "escape_navigates_to_default_view": true, "dense_mode": true, "fluid_layout_width": false, "high_contrast_mode": false, "translate_emoticons": false, "display_emoji_reaction_users": true, "twenty_four_hour_time": false, "starred_message_counts": true, "color_scheme": 1, "demote_inactive_streams": 1, "emojiset": "google", "user_list_style": 2, "email_notifications_batching_period_seconds": 120, "enable_stream_desktop_notifications": false, "enable_stream_email_notifications": false, "enable_stream_push_notifications": false, "enable_stream_audible_notifications": false, "notification_sound": "zulip", "wildcard_mentions_notify": true, "enable_desktop_notifications": true, "pm_content_in_desktop_notifications": true, "enable_sounds": true, "enable_offline_email_notifications": true, "message_content_in_email_notifications": true, "enable_offline_push_notifications": true, "enable_online_push_notifications": true, "desktop_icon_count_display": 1, "enable_digest_emails": true, "enable_login_emails": true, "enable_marketing_emails": true, "realm_name_in_notifications": false, "presence_enabled": true, "enable_drafts_synchronization": true, "send_stream_typing_notifications": true, "send_private_typing_notifications": true, "send_read_receipts": true, "delivery_email": "othello@zulip.com", "email": "user12@zulip.testserver", "realm": 2, "recipient": 118, "full_name": "Othello, the Moor of Venice", "date_joined": "2024-09-06T19:39:50.020Z", "tos_version": "1.0", "api_key": "fwpxQIfKNsYUef4XbW3zGrqqgmYx0N3E", "uuid": "b7dd6677-f7ab-404b-b961-589077e16aa0", "is_staff": false, "is_active": true, "is_billing_admin": false, "is_bot": false, "bot_type": null, "bot_owner": null, "role": 400, "long_term_idle": false, "last_active_message_id": null, "is_mirror_dummy": false, "can_forge_sender": false, "can_create_users": false, "last_reminder": null, "rate_limits": "", "default_sending_stream": null, "default_events_register_stream": null, "default_all_public_streams": false, "timezone": "US/Pacific", "avatar_source": "G", "avatar_version": 1, "avatar_hash": null, "tutorial_status": "F", "onboarding_steps": "[]", "zoom_token": null, "groups": [], "user_permissions": []}}, {"model": "zerver.userprofile", "pk": 13, "fields": {"password": "sha1$U06sIF8WL6N7tGNrwftAB7$b539bc2c95d38f4f1258b38bbe7208aa480e2791", "last_login": "2024-09-06T19:39:50.021Z", "is_superuser": false, "enter_sends": true, "left_side_userlist": false, "default_language": "en", "default_view": "recent_topics", "escape_navigates_to_default_view": true, "dense_mode": true, "fluid_layout_width": false, "high_contrast_mode": false, "translate_emoticons": false, "display_emoji_reaction_users": true, "twenty_four_hour_time": false, "starred_message_counts": true, "color_scheme": 1, "demote_inactive_streams": 1, "emojiset": "google", "user_list_style": 2, "email_notifications_batching_period_seconds": 120, "enable_stream_desktop_notifications": false, "enable_stream_email_notifications": false, "enable_stream_push_notifications": false, "enable_stream_audible_notifications": false, "notification_sound": "zulip", "wildcard_mentions_notify": true, "enable_desktop_notifications": true, "pm_content_in_desktop_notifications": true, "enable_sounds": true, "enable_offline_email_notifications": true, "message_content_in_email_notifications": true, "enable_offline_push_notifications": true, "enable_online_push_notifications": true, "desktop_icon_count_display": 1, "enable_digest_emails": true, "enable_login_emails": true, "enable_marketing_emails": true, "realm_name_in_notifications": false, "presence_enabled": true, "enable_drafts_synchronization": true, "send_stream_typing_notifications": true, "send_private_typing_notifications": true, "send_read_receipts": true, "delivery_email": "polonius@zulip.com", "email": "user13@zulip.testserver", "realm": 2, "recipient": 119, "full_name": "Polonius", "date_joined": "2024-09-06T19:39:50.021Z", "tos_version": "1.0", "api_key": "AtV09uKX8jarffSiCw8fAuuOrvDO8jHE", "uuid": "6968759e-494b-4c17-865b-f1be992c7f85", "is_staff": false, "is_active": true, "is_billing_admin": false, "is_bot": false, "bot_type": null, "bot_owner": null, "role": 600, "long_term_idle": false, "last_active_message_id": null, "is_mirror_dummy": false, "can_forge_sender": false, "can_create_users": false, "last_reminder": null, "rate_limits": "", "default_sending_stream": null, "default_events_register_stream": null, "default_all_public_streams": false, "timezone": "Asia/Shanghai", "avatar_source": "G", "avatar_version": 1, "avatar_hash": null, "tutorial_status": "F", "onboarding_steps": "[]", "zoom_token": null, "groups": [], "user_permissions": []}}, {"model": "zerver.userprofile", "pk": 14, "fields": {"password": "sha1$iR0UcIFOxVq1I4pD8MYQKz$92738898a81bed49385753db87737b699d8c8000", "last_login": "2024-09-06T19:39:50.022Z", "is_superuser": false, "enter_sends": true, "left_side_userlist": false, "default_language": "en", "default_view": "recent_topics", "escape_navigates_to_default_view": true, "dense_mode": true, "fluid_layout_width": false, "high_contrast_mode": false, "translate_emoticons": false, "display_emoji_reaction_users": true, "twenty_four_hour_time": false, "starred_message_counts": true, "color_scheme": 1, "demote_inactive_streams": 1, "emojiset": "google", "user_list_style": 2, "email_notifications_batching_period_seconds": 120, "enable_stream_desktop_notifications": false, "enable_stream_email_notifications": false, "enable_stream_push_notifications": false, "enable_stream_audible_notifications": false, "notification_sound": "zulip", "wildcard_mentions_notify": true, "enable_desktop_notifications": true, "pm_content_in_desktop_notifications": true, "enable_sounds": true, "enable_offline_email_notifications": true, "message_content_in_email_notifications": true, "enable_offline_push_notifications": true, "enable_online_push_notifications": true, "desktop_icon_count_display": 1, "enable_digest_emails": true, "enable_login_emails": true, "enable_marketing_emails": true, "realm_name_in_notifications": false, "presence_enabled": true, "enable_drafts_synchronization": true, "send_stream_typing_notifications": true, "send_private_typing_notifications": true, "send_read_receipts": true, "delivery_email": "prospero@zulip.com", "email": "user14@zulip.testserver", "realm": 2, "recipient": 120, "full_name": "Prospero from The Tempest", "date_joined": "2024-09-06T19:39:50.022Z", "tos_version": "1.0", "api_key": "aOFyrBV9og7H9o4AKXFjehLXMS1qWrLL", "uuid": "5d3d051a-a316-48f6-a62c-78772f06c3d4", "is_staff": false, "is_active": true, "is_billing_admin": false, "is_bot": false, "bot_type": null, "bot_owner": null, "role": 400, "long_term_idle": false, "last_active_message_id": null, "is_mirror_dummy": false, "can_forge_sender": false, "can_create_users": false, "last_reminder": null, "rate_limits": "", "default_sending_stream": null, "default_events_register_stream": null, "default_all_public_streams": false, "timezone": "", "avatar_source": "G", "avatar_version": 1, "avatar_hash": null, "tutorial_status": "F", "onboarding_steps": "[]", "zoom_token": null, "groups": [], "user_permissions": []}}, {"model": "zerver.userprofile", "pk": 15, "fields": {"password": "sha1$D8QdAXlYN412YRXWuxFfgk$d7f6955937efe8066357e1fc2e7eeba9de40b981", "last_login": "2024-09-06T19:39:50.023Z", "is_superuser": false, "enter_sends": true, "left_side_userlist": false, "default_language": "en", "default_view": "recent_topics", "escape_navigates_to_default_view": true, "dense_mode": true, "fluid_layout_width": false, "high_contrast_mode": false, "translate_emoticons": false, "display_emoji_reaction_users": true, "twenty_four_hour_time": false, "starred_message_counts": true, "color_scheme": 1, "demote_inactive_streams": 1, "emojiset": "google", "user_list_style": 2, "email_notifications_batching_period_seconds": 120, "enable_stream_desktop_notifications": false, "enable_stream_email_notifications": false, "enable_stream_push_notifications": false, "enable_stream_audible_notifications": false, "notification_sound": "zulip", "wildcard_mentions_notify": true, "enable_desktop_notifications": true, "pm_content_in_desktop_notifications": true, "enable_sounds": true, "enable_offline_email_notifications": true, "message_content_in_email_notifications": true, "enable_offline_push_notifications": true, "enable_online_push_notifications": true, "desktop_icon_count_display": 1, "enable_digest_emails": true, "enable_login_emails": true, "enable_marketing_emails": true, "realm_name_in_notifications": false, "presence_enabled": true, "enable_drafts_synchronization": true, "send_stream_typing_notifications": true, "send_private_typing_notifications": true, "send_read_receipts": true, "delivery_email": "shiva@zulip.com", "email": "user15@zulip.testserver", "realm": 2, "recipient": 121, "full_name": "शिव", "date_joined": "2024-09-06T19:39:50.023Z", "tos_version": "1.0", "api_key": "y8bOQghQdSUCrp5JO4NPxAS4xIEVC5fW", "uuid": "1dd92bd5-278d-4a9f-bf59-6c5971dde032", "is_staff": false, "is_active": true, "is_billing_admin": false, "is_bot": false, "bot_type": null, "bot_owner": null, "role": 300, "long_term_idle": false, "last_active_message_id": null, "is_mirror_dummy": false, "can_forge_sender": false, "can_create_users": false, "last_reminder": null, "rate_limits": "", "default_sending_stream": null, "default_events_register_stream": null, "default_all_public_streams": false, "timezone": "Asia/Kolkata", "avatar_source": "G", "avatar_version": 1, "avatar_hash": null, "tutorial_status": "F", "onboarding_steps": "[]", "zoom_token": null, "groups": [], "user_permissions": []}}, {"model": "zerver.userprofile", "pk": 16, "fields": {"password": "!XrjQ5tlVspjs6ub6rnOVtIIQWKtq7xsDhaLoZegp", "last_login": "2024-09-06T19:39:50.217Z", "is_superuser": false, "enter_sends": false, "left_side_userlist": false, "default_language": "en", "default_view": "recent_topics", "escape_navigates_to_default_view": true, "dense_mode": true, "fluid_layout_width": false, "high_contrast_mode": false, "translate_emoticons": false, "display_emoji_reaction_users": true, "twenty_four_hour_time": false, "starred_message_counts": true, "color_scheme": 1, "demote_inactive_streams": 1, "emojiset": "google", "user_list_style": 2, "email_notifications_batching_period_seconds": 120, "enable_stream_desktop_notifications": false, "enable_stream_email_notifications": false, "enable_stream_push_notifications": false, "enable_stream_audible_notifications": false, "notification_sound": "zulip", "wildcard_mentions_notify": true, "enable_desktop_notifications": true, "pm_content_in_desktop_notifications": true, "enable_sounds": true, "enable_offline_email_notifications": true, "message_content_in_email_notifications": true, "enable_offline_push_notifications": true, "enable_online_push_notifications": true, "desktop_icon_count_display": 1, "enable_digest_emails": true, "enable_login_emails": true, "enable_marketing_emails": true, "realm_name_in_notifications": false, "presence_enabled": true, "enable_drafts_synchronization": true, "send_stream_typing_notifications": true, "send_private_typing_notifications": true, "send_read_receipts": true, "delivery_email": "default-bot@zulip.com", "email": "default-bot@zulip.com", "realm": 2, "recipient": 122, "full_name": "Zulip Default Bot", "date_joined": "2024-09-06T19:39:50.217Z", "tos_version": null, "api_key": "LmpOE41LCrjqC0Mb1hWTN7E43U7uZBmT", "uuid": "9a2242a0-ba5a-4c3e-a1f4-61f86a1c0f2e", "is_staff": false, "is_active": true, "is_billing_admin": false, "is_bot": true, "bot_type": 1, "bot_owner": 9, "role": 400, "long_term_idle": false, "last_active_message_id": null, "is_mirror_dummy": false, "can_forge_sender": false, "can_create_users": false, "last_reminder": null, "rate_limits": "", "default_sending_stream": null, "default_events_register_stream": null, "default_all_public_streams": false, "timezone": "", "avatar_source": "G", "avatar_version": 1, "avatar_hash": null, "tutorial_status": "F", "onboarding_steps": "[]", "zoom_token": null, "groups": [], "user_permissions": []}}, {"model": "zerver.userprofile", "pk": 17, "fields": {"password": "!xfXSHunlrupA8Bpfwhl6JmUpRrwMv3GD1zbRUxvQ", "last_login": "2024-09-06T19:39:50.217Z", "is_superuser": false, "enter_sends": false, "left_side_userlist": false, "default_language": "en", "default_view": "recent_topics", "escape_navigates_to_default_view": true, "dense_mode": true, "fluid_layout_width": false, "high_contrast_mode": false, "translate_emoticons": false, "display_emoji_reaction_users": true, "twenty_four_hour_time": false, "starred_message_counts": true, "color_scheme": 1, "demote_inactive_streams": 1, "emojiset": "google", "user_list_style": 2, "email_notifications_batching_period_seconds": 120, "enable_stream_desktop_notifications": false, "enable_stream_email_notifications": false, "enable_stream_push_notifications": false, "enable_stream_audible_notifications": false, "notification_sound": "zulip", "wildcard_mentions_notify": true, "enable_desktop_notifications": true, "pm_content_in_desktop_notifications": true, "enable_sounds": true, "enable_offline_email_notifications": true, "message_content_in_email_notifications": true, "enable_offline_push_notifications": true, "enable_online_push_notifications": true, "desktop_icon_count_display": 1, "enable_digest_emails": true, "enable_login_emails": true, "enable_marketing_emails": true, "realm_name_in_notifications": false, "presence_enabled": true, "enable_drafts_synchronization": true, "send_stream_typing_notifications": true, "send_private_typing_notifications": true, "send_read_receipts": true, "delivery_email": "error-bot@zulip.com", "email": "error-bot@zulip.com", "realm": 2, "recipient": 123, "full_name": "Zulip Error Bot", "date_joined": "2024-09-06T19:39:50.217Z", "tos_version": null, "api_key": "S4igSZglpYHkDMHcBjp995QSbIfeQwRr", "uuid": "b186aeda-3950-4db5-94c6-ed839dc5a639", "is_staff": false, "is_active": true, "is_billing_admin": false, "is_bot": true, "bot_type": 1, "bot_owner": 9, "role": 400, "long_term_idle": false, "last_active_message_id": null, "is_mirror_dummy": false, "can_forge_sender": false, "can_create_users": false, "last_reminder": null, "rate_limits": "", "default_sending_stream": null, "default_events_register_stream": null, "default_all_public_streams": false, "timezone": "", "avatar_source": "G", "avatar_version": 1, "avatar_hash": null, "tutorial_status": "F", "onboarding_steps": "[]", "zoom_token": null, "groups": [], "user_permissions": []}}, {"model": "zerver.userprofile", "pk": 18, "fields": {"password": "!RQnxoo2Br5lavwT4RpUfHZblVBINOKXedQ9HUjFK", "last_login": "2024-09-06T19:39:50.269Z", "is_superuser": false, "enter_sends": false, "left_side_userlist": false, "default_language": "en", "default_view": "recent_topics", "escape_navigates_to_default_view": true, "dense_mode": true, "fluid_layout_width": false, "high_contrast_mode": false, "translate_emoticons": false, "display_emoji_reaction_users": true, "twenty_four_hour_time": false, "starred_message_counts": true, "color_scheme": 1, "demote_inactive_streams": 1, "emojiset": "google", "user_list_style": 2, "email_notifications_batching_period_seconds": 120, "enable_stream_desktop_notifications": false, "enable_stream_email_notifications": false, "enable_stream_push_notifications": false, "enable_stream_audible_notifications": false, "notification_sound": "zulip", "wildcard_mentions_notify": true, "enable_desktop_notifications": true, "pm_content_in_desktop_notifications": true, "enable_sounds": true, "enable_offline_email_notifications": true, "message_content_in_email_notifications": true, "enable_offline_push_notifications": true, "enable_online_push_notifications": true, "desktop_icon_count_display": 1, "enable_digest_emails": true, "enable_login_emails": true, "enable_marketing_emails": true, "realm_name_in_notifications": false, "presence_enabled": true, "enable_drafts_synchronization": true, "send_stream_typing_notifications": true, "send_private_typing_notifications": true, "send_read_receipts": true, "delivery_email": "webhook-bot@zulip.com", "email": "webhook-bot@zulip.com", "realm": 2, "recipient": 124, "full_name": "Zulip Webhook Bot", "date_joined": "2024-09-06T19:39:50.269Z", "tos_version": null, "api_key": "PeAT1yDe7d9zV4fE3aDC04ZrJq79yxuV", "uuid": "ba022712-efeb-4e1a-a03b-7e2c67e00a8d", "is_staff": false, "is_active": true, "is_billing_admin": false, "is_bot": true, "bot_type": 2, "bot_owner": 7, "role": 400, "long_term_idle": false, "last_active_message_id": null, "is_mirror_dummy": false, "can_forge_sender": false, "can_create_users": false, "last_reminder": null, "rate_limits": "", "default_sending_stream": null, "default_events_register_stream": null, "default_all_public_streams": false, "timezone": "", "avatar_source": "G", "avatar_version": 1, "avatar_hash": null, "tutorial_status": "F", "onboarding_steps": "[]", "zoom_token": null, "groups": [], "user_permissions": []}}, {"model": "zerver.userprofile", "pk": 19, "fields": {"password": "!mFnQIvIbAk9i9YmAbgRJSz3yN1XItIz5qMglWy4c", "last_login": "2024-09-06T19:39:50.311Z", "is_superuser": false, "enter_sends": false, "left_side_userlist": false, "default_language": "en", "default_view": "recent_topics", "escape_navigates_to_default_view": true, "dense_mode": true, "fluid_layout_width": false, "high_contrast_mode": false, "translate_emoticons": false, "display_emoji_reaction_users": true, "twenty_four_hour_time": false, "starred_message_counts": true, "color_scheme": 1, "demote_inactive_streams": 1, "emojiset": "google", "user_list_style": 2, "email_notifications_batching_period_seconds": 120, "enable_stream_desktop_notifications": false, "enable_stream_email_notifications": false, "enable_stream_push_notifications": false, "enable_stream_audible_notifications": false, "notification_sound": "zulip", "wildcard_mentions_notify": true, "enable_desktop_notifications": true, "pm_content_in_desktop_notifications": true, "enable_sounds": true, "enable_offline_email_notifications": true, "message_content_in_email_notifications": true, "enable_offline_push_notifications": true, "enable_online_push_notifications": true, "desktop_icon_count_display": 1, "enable_digest_emails": true, "enable_login_emails": true, "enable_marketing_emails": true, "realm_name_in_notifications": false, "presence_enabled": true, "enable_drafts_synchronization": true, "send_stream_typing_notifications": true, "send_private_typing_notifications": true, "send_read_receipts": true, "delivery_email": "outgoing-webhook@zulip.com", "email": "outgoing-webhook@zulip.com", "realm": 2, "recipient": 125, "full_name": "Outgoing Webhook", "date_joined": "2024-09-06T19:39:50.311Z", "tos_version": null, "api_key": "Wf7pwqPx6TC7DpOvlxOVeBE4gKFDxJio", "uuid": "0a37be8b-e7e5-442c-adf3-dcb6e88987eb", "is_staff": false, "is_active": true, "is_billing_admin": false, "is_bot": true, "bot_type": 3, "bot_owner": 6, "role": 400, "long_term_idle": false, "last_active_message_id": null, "is_mirror_dummy": false, "can_forge_sender": false, "can_create_users": false, "last_reminder": null, "rate_limits": "", "default_sending_stream": null, "default_events_register_stream": null, "default_all_public_streams": false, "timezone": "", "avatar_source": "G", "avatar_version": 1, "avatar_hash": null, "tutorial_status": "F", "onboarding_steps": "[]", "zoom_token": null, "groups": [], "user_permissions": []}}, {"model": "zerver.userprofile", "pk": 20, "fields": {"password": "sha1$5n9EY3SLUOqCGsTtgLStn4$e3199becbfd7609f458db020fd2787ab206b7eb3", "last_login": "2024-09-06T19:39:50.639Z", "is_superuser": false, "enter_sends": false, "left_side_userlist": false, "default_language": "en", "default_view": "recent_topics", "escape_navigates_to_default_view": true, "dense_mode": true, "fluid_layout_width": false, "high_contrast_mode": false, "translate_emoticons": false, "display_emoji_reaction_users": true, "twenty_four_hour_time": false, "starred_message_counts": true, "color_scheme": 1, "demote_inactive_streams": 1, "emojiset": "google", "user_list_style": 2, "email_notifications_batching_period_seconds": 120, "enable_stream_desktop_notifications": false, "enable_stream_email_notifications": false, "enable_stream_push_notifications": false, "enable_stream_audible_notifications": false, "notification_sound": "zulip", "wildcard_mentions_notify": true, "enable_desktop_notifications": true, "pm_content_in_desktop_notifications": true, "enable_sounds": true, "enable_offline_email_notifications": true, "message_content_in_email_notifications": true, "enable_offline_push_notifications": true, "enable_online_push_notifications": true, "desktop_icon_count_display": 1, "enable_digest_emails": true, "enable_login_emails": true, "enable_marketing_emails": true, "realm_name_in_notifications": false, "presence_enabled": true, "enable_drafts_synchronization": true, "send_stream_typing_notifications": true, "send_private_typing_notifications": true, "send_read_receipts": true, "delivery_email": "espuser@mit.edu", "email": "espuser@mit.edu", "realm": 3, "recipient": 130, "full_name": "Esp Classroom (MIT)", "date_joined": "2024-09-06T19:39:50.639Z", "tos_version": "1.0", "api_key": "nXoVLLs44EOdSXTzPNW6xNbifQCDh6Jy", "uuid": "2e58866d-c36a-439b-85eb-0f71166101b5", "is_staff": false, "is_active": true, "is_billing_admin": false, "is_bot": false, "bot_type": null, "bot_owner": null, "role": 400, "long_term_idle": false, "last_active_message_id": null, "is_mirror_dummy": false, "can_forge_sender": false, "can_create_users": false, "last_reminder": null, "rate_limits": "", "default_sending_stream": null, "default_events_register_stream": null, "default_all_public_streams": false, "timezone": "", "avatar_source": "G", "avatar_version": 1, "avatar_hash": null, "tutorial_status": "F", "onboarding_steps": "[]", "zoom_token": null, "groups": [], "user_permissions": []}}, {"model": "zerver.userprofile", "pk": 21, "fields": {"password": "sha1$a2MQfSkedBXBPyUR4KGwpU$f6787f40e343629420dbff9aba6eb89781a6f87a", "last_login": "2024-09-06T19:39:50.640Z", "is_superuser": false, "enter_sends": false, "left_side_userlist": false, "default_language": "en", "default_view": "recent_topics", "escape_navigates_to_default_view": true, "dense_mode": true, "fluid_layout_width": false, "high_contrast_mode": false, "translate_emoticons": false, "display_emoji_reaction_users": true, "twenty_four_hour_time": false, "starred_message_counts": true, "color_scheme": 1, "demote_inactive_streams": 1, "emojiset": "google", "user_list_style": 2, "email_notifications_batching_period_seconds": 120, "enable_stream_desktop_notifications": false, "enable_stream_email_notifications": false, "enable_stream_push_notifications": false, "enable_stream_audible_notifications": false, "notification_sound": "zulip", "wildcard_mentions_notify": true, "enable_desktop_notifications": true, "pm_content_in_desktop_notifications": true, "enable_sounds": true, "enable_offline_email_notifications": true, "message_content_in_email_notifications": true, "enable_offline_push_notifications": true, "enable_online_push_notifications": true, "desktop_icon_count_display": 1, "enable_digest_emails": true, "enable_login_emails": true, "enable_marketing_emails": true, "realm_name_in_notifications": false, "presence_enabled": true, "enable_drafts_synchronization": true, "send_stream_typing_notifications": true, "send_private_typing_notifications": true, "send_read_receipts": true, "delivery_email": "sipbtest@mit.edu", "email": "sipbtest@mit.edu", "realm": 3, "recipient": 131, "full_name": "Fred Sipb (MIT)", "date_joined": "2024-09-06T19:39:50.640Z", "tos_version": "1.0", "api_key": "RLaHrx9N12rWeSlSX1mMOFQxMMydKYcL", "uuid": "c5e4ce7d-a97c-48e7-a35d-83cec1e1cf2f", "is_staff": false, "is_active": true, "is_billing_admin": false, "is_bot": false, "bot_type": null, "bot_owner": null, "role": 400, "long_term_idle": false, "last_active_message_id": null, "is_mirror_dummy": false, "can_forge_sender": false, "can_create_users": false, "last_reminder": null, "rate_limits": "", "default_sending_stream": null, "default_events_register_stream": null, "default_all_public_streams": false, "timezone": "", "avatar_source": "G", "avatar_version": 1, "avatar_hash": null, "tutorial_status": "F", "onboarding_steps": "[]", "zoom_token": null, "groups": [], "user_permissions": []}}, {"model": "zerver.userprofile", "pk": 22, "fields": {"password": "sha1$s52oOlRqAFJLcu4BHH5owF$666d3b86129c25bef27682614be162cfc66e445e", "last_login": "2024-09-06T19:39:50.642Z", "is_superuser": false, "enter_sends": false, "left_side_userlist": false, "default_language": "en", "default_view": "recent_topics", "escape_navigates_to_default_view": true, "dense_mode": true, "fluid_layout_width": false, "high_contrast_mode": false, "translate_emoticons": false, "display_emoji_reaction_users": true, "twenty_four_hour_time": false, "starred_message_counts": true, "color_scheme": 1, "demote_inactive_streams": 1, "emojiset": "google", "user_list_style": 2, "email_notifications_batching_period_seconds": 120, "enable_stream_desktop_notifications": false, "enable_stream_email_notifications": false, "enable_stream_push_notifications": false, "enable_stream_audible_notifications": false, "notification_sound": "zulip", "wildcard_mentions_notify": true, "enable_desktop_notifications": true, "pm_content_in_desktop_notifications": true, "enable_sounds": true, "enable_offline_email_notifications": true, "message_content_in_email_notifications": true, "enable_offline_push_notifications": true, "enable_online_push_notifications": true, "desktop_icon_count_display": 1, "enable_digest_emails": true, "enable_login_emails": true, "enable_marketing_emails": true, "realm_name_in_notifications": false, "presence_enabled": true, "enable_drafts_synchronization": true, "send_stream_typing_notifications": true, "send_private_typing_notifications": true, "send_read_receipts": true, "delivery_email": "starnine@mit.edu", "email": "starnine@mit.edu", "realm": 3, "recipient": 132, "full_name": "Athena Consulting Exchange User (MIT)", "date_joined": "2024-09-06T19:39:50.642Z", "tos_version": "1.0", "api_key": "CON3Lat8mv46MNf0zh4xb21lOTiy9xfq", "uuid": "88db6cef-138c-49b7-812f-a122016c7693", "is_staff": false, "is_active": true, "is_billing_admin": false, "is_bot": false, "bot_type": null, "bot_owner": null, "role": 400, "long_term_idle": false, "last_active_message_id": null, "is_mirror_dummy": false, "can_forge_sender": false, "can_create_users": false, "last_reminder": null, "rate_limits": "", "default_sending_stream": null, "default_events_register_stream": null, "default_all_public_streams": false, "timezone": "", "avatar_source": "G", "avatar_version": 1, "avatar_hash": null, "tutorial_status": "F", "onboarding_steps": "[]", "zoom_token": null, "groups": [], "user_permissions": []}}, {"model": "zerver.userprofile", "pk": 23, "fields": {"password": "sha1$KqxCbP3VIDtvctFHWzVtMz$071d7671880c3e4a23b10e10784e808d2f10e064", "last_login": "2024-09-06T19:39:50.694Z", "is_superuser": false, "enter_sends": false, "left_side_userlist": false, "default_language": "en", "default_view": "recent_topics", "escape_navigates_to_default_view": true, "dense_mode": true, "fluid_layout_width": false, "high_contrast_mode": false, "translate_emoticons": false, "display_emoji_reaction_users": true, "twenty_four_hour_time": false, "starred_message_counts": true, "color_scheme": 1, "demote_inactive_streams": 1, "emojiset": "google", "user_list_style": 2, "email_notifications_batching_period_seconds": 120, "enable_stream_desktop_notifications": false, "enable_stream_email_notifications": false, "enable_stream_push_notifications": false, "enable_stream_audible_notifications": false, "notification_sound": "zulip", "wildcard_mentions_notify": true, "enable_desktop_notifications": true, "pm_content_in_desktop_notifications": true, "enable_sounds": true, "enable_offline_email_notifications": true, "message_content_in_email_notifications": true, "enable_offline_push_notifications": true, "enable_online_push_notifications": true, "desktop_icon_count_display": 1, "enable_digest_emails": true, "enable_login_emails": true, "enable_marketing_emails": true, "realm_name_in_notifications": false, "presence_enabled": true, "enable_drafts_synchronization": true, "send_stream_typing_notifications": true, "send_private_typing_notifications": true, "send_read_receipts": true, "delivery_email": "cordelia@zulip.com", "email": "cordelia@zulip.com", "realm": 4, "recipient": 134, "full_name": "Cordelia, Lear's daughter", "date_joined": "2024-09-06T19:39:50.694Z", "tos_version": "1.0", "api_key": "33raCa4dY1tYLp8Vb6Xomwu5oFrfnWAh", "uuid": "48c51f96-3d87-424b-8884-21876c30847a", "is_staff": false, "is_active": true, "is_billing_admin": false, "is_bot": false, "bot_type": null, "bot_owner": null, "role": 400, "long_term_idle": false, "last_active_message_id": null, "is_mirror_dummy": false, "can_forge_sender": false, "can_create_users": false, "last_reminder": null, "rate_limits": "", "default_sending_stream": null, "default_events_register_stream": null, "default_all_public_streams": false, "timezone": "", "avatar_source": "G", "avatar_version": 1, "avatar_hash": null, "tutorial_status": "F", "onboarding_steps": "[]", "zoom_token": null, "groups": [], "user_permissions": []}}, {"model": "zerver.userprofile", "pk": 24, "fields": {"password": "sha1$zgDSNe9tBp6YnP3sI3uZOM$28908b0f5c4ec5e23d314a7b2937b143f60895e7", "last_login": "2024-09-06T19:39:50.695Z", "is_superuser": false, "enter_sends": false, "left_side_userlist": false, "default_language": "en", "default_view": "recent_topics", "escape_navigates_to_default_view": true, "dense_mode": true, "fluid_layout_width": false, "high_contrast_mode": false, "translate_emoticons": false, "display_emoji_reaction_users": true, "twenty_four_hour_time": false, "starred_message_counts": true, "color_scheme": 1, "demote_inactive_streams": 1, "emojiset": "google", "user_list_style": 2, "email_notifications_batching_period_seconds": 120, "enable_stream_desktop_notifications": false, "enable_stream_email_notifications": false, "enable_stream_push_notifications": false, "enable_stream_audible_notifications": false, "notification_sound": "zulip", "wildcard_mentions_notify": true, "enable_desktop_notifications": true, "pm_content_in_desktop_notifications": true, "enable_sounds": true, "enable_offline_email_notifications": true, "message_content_in_email_notifications": true, "enable_offline_push_notifications": true, "enable_online_push_notifications": true, "desktop_icon_count_display": 1, "enable_digest_emails": true, "enable_login_emails": true, "enable_marketing_emails": true, "realm_name_in_notifications": false, "presence_enabled": true, "enable_drafts_synchronization": true, "send_stream_typing_notifications": true, "send_private_typing_notifications": true, "send_read_receipts": true, "delivery_email": "king@lear.org", "email": "king@lear.org", "realm": 4, "recipient": 133, "full_name": "King Lear", "date_joined": "2024-09-06T19:39:50.695Z", "tos_version": "1.0", "api_key": "SXJ44c2DBlaCFG7RFD8uxpR5kQvEv6tp", "uuid": "ca60b407-6ce2-4cdb-9bf5-f491b4a409e1", "is_staff": false, "is_active": true, "is_billing_admin": false, "is_bot": false, "bot_type": null, "bot_owner": null, "role": 400, "long_term_idle": false, "last_active_message_id": null, "is_mirror_dummy": false, "can_forge_sender": false, "can_create_users": false, "last_reminder": null, "rate_limits": "", "default_sending_stream": null, "default_events_register_stream": null, "default_all_public_streams": false, "timezone": "", "avatar_source": "G", "avatar_version": 1, "avatar_hash": null, "tutorial_status": "F", "onboarding_steps": "[]", "zoom_token": null, "groups": [], "user_permissions": []}}, {"model": "zerver.stream", "pk": 1, "fields": {"name": "Verona", "realm": 2, "date_created": "2024-09-06T19:39:49.822Z", "deactivated": false, "description": "A city in Italy", "rendered_description": "<p>Everyone is added to this stream by default. Welcome! <span aria-label=\"octopus\" class=\"emoji emoji-1f419\" role=\"img\" title=\"octopus\">:octopus:</span></p>", "recipient": 106, "invite_only": false, "history_public_to_subscribers": true, "is_web_public": false, "stream_post_policy": 1, "is_in_zephyr_realm": false, "email_token": "2dcd54c5b923837e427c8750ec573ae9", "message_retention_days": null, "can_remove_subscribers_group": 9, "first_message_id": 29}}, {"model": "zerver.stream", "pk": 2, "fields": {"name": "core team", "realm": 2, "date_created": "2024-09-06T19:39:49.850Z", "deactivated": false, "description": "A private stream for core team members.", "rendered_description": "<p>A private stream for core team members.</p>", "recipient": 107, "invite_only": true, "history_public_to_subscribers": false, "is_web_public": false, "stream_post_policy": 1, "is_in_zephyr_realm": false, "email_token": "fb5e52276eed364cbebe2d20b6bea7e0", "message_retention_days": null, "can_remove_subscribers_group": 9, "first_message_id": 7}}, {"model": "zerver.stream", "pk": 3, "fields": {"name": "general", "realm": 3, "date_created": "2024-09-06T19:39:49.904Z", "deactivated": false, "description": "Everyone is added to this stream by default. Welcome! :octopus:", "rendered_description": "<p>Everyone is added to this stream by default. Welcome! <span aria-label=\"octopus\" class=\"emoji emoji-1f419\" role=\"img\" title=\"octopus\">:octopus:</span></p>", "recipient": 108, "invite_only": false, "history_public_to_subscribers": false, "is_web_public": false, "stream_post_policy": 1, "is_in_zephyr_realm": true, "email_token": "a6f9d36f30be02afb9fb430205c2775b", "message_retention_days": null, "can_remove_subscribers_group": 16, "first_message_id": null}}, {"model": "zerver.stream", "pk": 4, "fields": {"name": "core team", "realm": 3, "date_created": "2024-09-06T19:39:49.918Z", "deactivated": false, "description": "A private stream for core team members.", "rendered_description": "<p>A private stream for core team members.</p>", "recipient": 109, "invite_only": true, "history_public_to_subscribers": false, "is_web_public": false, "stream_post_policy": 1, "is_in_zephyr_realm": true, "email_token": "82c38c4088997c3260b1f6e5f1b111c9", "message_retention_days": null, "can_remove_subscribers_group": 16, "first_message_id": null}}, {"model": "zerver.stream", "pk": 5, "fields": {"name": "general", "realm": 4, "date_created": "2024-09-06T19:39:49.963Z", "deactivated": false, "description": "Everyone is added to this stream by default. Welcome! :octopus:", "rendered_description": "<p>Everyone is added to this stream by default. Welcome! <span aria-label=\"octopus\" class=\"emoji emoji-1f419\" role=\"img\" title=\"octopus\">:octopus:</span></p>", "recipient": 110, "invite_only": false, "history_public_to_subscribers": true, "is_web_public": false, "stream_post_policy": 1, "is_in_zephyr_realm": false, "email_token": "79d3142d67922476a525694350e7a70c", "message_retention_days": null, "can_remove_subscribers_group": 23, "first_message_id": null}}, {"model": "zerver.stream", "pk": 6, "fields": {"name": "core team", "realm": 4, "date_created": "2024-09-06T19:39:49.988Z", "deactivated": false, "description": "A private stream for core team members.", "rendered_description": "<p>A private stream for core team members.</p>", "recipient": 111, "invite_only": true, "history_public_to_subscribers": false, "is_web_public": false, "stream_post_policy": 1, "is_in_zephyr_realm": false, "email_token": "d89e00645b11af1d2d5ab11b8b3b48d1", "message_retention_days": null, "can_remove_subscribers_group": 23, "first_message_id": null}}, {"model": "zerver.stream", "pk": 7, "fields": {"name": "Denmark", "realm": 2, "date_created": "2024-09-06T19:39:50.359Z", "deactivated": false, "description": "A Scandinavian country", "rendered_description": "<p>A Scandinavian country</p>", "recipient": 126, "invite_only": false, "history_public_to_subscribers": true, "is_web_public": false, "stream_post_policy": 1, "is_in_zephyr_realm": false, "email_token": "61443aaf563d44e147bcf5744e55ca32", "message_retention_days": null, "can_remove_subscribers_group": 9, "first_message_id": 1}}, {"model": "zerver.stream", "pk": 8, "fields": {"name": "Rome", "realm": 2, "date_created": "2024-09-06T19:39:50.361Z", "deactivated": false, "description": "Yet another Italian city", "rendered_description": "<p>Yet another Italian city</p>", "recipient": 127, "invite_only": false, "history_public_to_subscribers": true, "is_web_public": true, "stream_post_policy": 1, "is_in_zephyr_realm": false, "email_token": "1595e939b8e33dcf3814b49622383979", "message_retention_days": null, "can_remove_subscribers_group": 9, "first_message_id": 16}}, {"model": "zerver.stream", "pk": 9, "fields": {"name": "Scotland", "realm": 2, "date_created": "2024-09-06T19:39:50.359Z", "deactivated": false, "description": "Located in the United Kingdom", "rendered_description": "<p>Located in the United Kingdom</p>", "recipient": 128, "invite_only": false, "history_public_to_subscribers": true, "is_web_public": false, "stream_post_policy": 1, "is_in_zephyr_realm": false, "email_token": "7b34f05b95e214b453df19e884ce1541", "message_retention_days": null, "can_remove_subscribers_group": 9, "first_message_id": 15}}, {"model": "zerver.stream", "pk": 10, "fields": {"name": "Venice", "realm": 2, "date_created": "2024-09-06T19:39:50.360Z", "deactivated": false, "description": "A northeastern Italian city", "rendered_description": "<p>A northeastern Italian city</p>", "recipient": 129, "invite_only": false, "history_public_to_subscribers": true, "is_web_public": false, "stream_post_policy": 1, "is_in_zephyr_realm": false, "email_token": "eb826fcde06e637a6c6456644054ae93", "message_retention_days": null, "can_remove_subscribers_group": 9, "first_message_id": 2}}, {"model": "zerver.recipient", "pk": 101, "fields": {"type_id": 1, "type": 1}}, {"model": "zerver.recipient", "pk": 102, "fields": {"type_id": 2, "type": 1}}, {"model": "zerver.recipient", "pk": 103, "fields": {"type_id": 3, "type": 1}}, {"model": "zerver.recipient", "pk": 104, "fields": {"type_id": 4, "type": 1}}, {"model": "zerver.recipient", "pk": 105, "fields": {"type_id": 5, "type": 1}}, {"model": "zerver.recipient", "pk": 106, "fields": {"type_id": 1, "type": 2}}, {"model": "zerver.recipient", "pk": 107, "fields": {"type_id": 2, "type": 2}}, {"model": "zerver.recipient", "pk": 108, "fields": {"type_id": 3, "type": 2}}, {"model": "zerver.recipient", "pk": 109, "fields": {"type_id": 4, "type": 2}}, {"model": "zerver.recipient", "pk": 110, "fields": {"type_id": 5, "type": 2}}, {"model": "zerver.recipient", "pk": 111, "fields": {"type_id": 6, "type": 2}}, {"model": "zerver.recipient", "pk": 112, "fields": {"type_id": 6, "type": 1}}, {"model": "zerver.recipient", "pk": 113, "fields": {"type_id": 7, "type": 1}}, {"model": "zerver.recipient", "pk": 114, "fields": {"type_id": 8, "type": 1}}, {"model": "zerver.recipient", "pk": 115, "fields": {"type_id": 9, "type": 1}}, {"model": "zerver.recipient", "pk": 116, "fields": {"type_id": 10, "type": 1}}, {"model": "zerver.recipient", "pk": 117, "fields": {"type_id": 11, "type": 1}}, {"model": "zerver.recipient", "pk": 118, "fields": {"type_id": 12, "type": 1}}, {"model": "zerver.recipient", "pk": 119, "fields": {"type_id": 13, "type": 1}}, {"model": "zerver.recipient", "pk": 120, "fields": {"type_id": 14, "type": 1}}, {"model": "zerver.recipient", "pk": 121, "fields": {"type_id": 15, "type": 1}}, {"model": "zerver.recipient", "pk": 122, "fields": {"type_id": 16, "type": 1}}, {"model": "zerver.recipient", "pk": 123, "fields": {"type_id": 17, "type": 1}}, {"model": "zerver.recipient", "pk": 124, "fields": {"type_id": 18, "type": 1}}, {"model": "zerver.recipient", "pk": 125, "fields": {"type_id": 19, "type": 1}}, {"model": "zerver.recipient", "pk": 126, "fields": {"type_id": 7, "type": 2}}, {"model": "zerver.recipient", "pk": 127, "fields": {"type_id": 8, "type": 2}}, {"model": "zerver.recipient", "pk": 128, "fields": {"type_id": 9, "type": 2}}, {"model": "zerver.recipient", "pk": 129, "fields": {"type_id": 10, "type": 2}}, {"model": "zerver.recipient", "pk": 130, "fields": {"type_id": 20, "type": 1}}, {"model": "zerver.recipient", "pk": 131, "fields": {"type_id": 21, "type": 1}}, {"model": "zerver.recipient", "pk": 132, "fields": {"type_id": 22, "type": 1}}, {"model": "zerver.recipient", "pk": 133, "fields": {"type_id": 24, "type": 1}}, {"model": "zerver.recipient", "pk": 134, "fields": {"type_id": 23, "type": 1}}, {"model": "zerver.subscription", "pk": 1, "fields": {"user_profile": 1, "recipient": 101, "active": true, "is_user_active": true, "is_muted": false, "color": "#c2c2c2", "pin_to_top": false, "desktop_notifications": null, "audible_notifications": null, "push_notifications": null, "email_notifications": null, "wildcard_mentions_notify": null}}, {"model": "zerver.subscription", "pk": 2, "fields": {"user_profile": 2, "recipient": 102, "active": true, "is_user_active": true, "is_muted": false, "color": "#c2c2c2", "pin_to_top": false, "desktop_notifications": null, "audible_notifications": null, "push_notifications": null, "email_notifications": null, "wildcard_mentions_notify": null}}, {"model": "zerver.subscription", "pk": 3, "fields": {"user_profile": 3, "recipient": 103, "active": true, "is_user_active": true, "is_muted": false, "color": "#c2c2c2", "pin_to_top": false, "desktop_notifications": null, "audible_notifications": null, "push_notifications": null, "email_notifications": null, "wildcard_mentions_notify": null}}, {"model": "zerver.subscription", "pk": 4, "fields": {"user_profile": 4, "recipient": 104, "active": true, "is_user_active": true, "is_muted": false, "color": "#c2c2c2", "pin_to_top": false, "desktop_notifications": null, "audible_notifications": null, "push_notifications": null, "email_notifications": null, "wildcard_mentions_notify": null}}, {"model": "zerver.subscription", "pk": 5, "fields": {"user_profile": 5, "recipient": 105, "active": true, "is_user_active": true, "is_muted": false, "color": "#c2c2c2", "pin_to_top": false, "desktop_notifications": null, "audible_notifications": null, "push_notifications": null, "email_notifications": null, "wildcard_mentions_notify": null}}, {"model": "zerver.subscription", "pk": 6, "fields": {"user_profile": 6, "recipient": 112, "active": true, "is_user_active": true, "is_muted": false, "color": "#c2c2c2", "pin_to_top": false, "desktop_notifications": null, "audible_notifications": null, "push_notifications": null, "email_notifications": null, "wildcard_mentions_notify": null}}, {"model": "zerver.subscription", "pk": 7, "fields": {"user_profile": 7, "recipient": 113, "active": true, "is_user_active": true, "is_muted": false, "color": "#c2c2c2", "pin_to_top": false, "desktop_notifications": null, "audible_notifications": null, "push_notifications": null, "email_notifications": null, "wildcard_mentions_notify": null}}, {"model": "zerver.subscription", "pk": 8, "fields": {"user_profile": 8, "recipient": 114, "active": true, "is_user_active": true, "is_muted": false, "color": "#c2c2c2", "pin_to_top": false, "desktop_notifications": null, "audible_notifications": null, "push_notifications": null, "email_notifications": null, "wildcard_mentions_notify": null}}, {"model": "zerver.subscription", "pk": 9, "fields": {"user_profile": 9, "recipient": 115, "active": true, "is_user_active": true, "is_muted": false, "color": "#c2c2c2", "pin_to_top": false, "desktop_notifications": null, "audible_notifications": null, "push_notifications": null, "email_notifications": null, "wildcard_mentions_notify": null}}, {"model": "zerver.subscription", "pk": 10, "fields": {"user_profile": 10, "recipient": 116, "active": true, "is_user_active": true, "is_muted": false, "color": "#c2c2c2", "pin_to_top": false, "desktop_notifications": null, "audible_notifications": null, "push_notifications": null, "email_notifications": null, "wildcard_mentions_notify": null}}, {"model": "zerver.subscription", "pk": 11, "fields": {"user_profile": 11, "recipient": 117, "active": true, "is_user_active": true, "is_muted": false, "color": "#c2c2c2", "pin_to_top": false, "desktop_notifications": null, "audible_notifications": null, "push_notifications": null, "email_notifications": null, "wildcard_mentions_notify": null}}, {"model": "zerver.subscription", "pk": 12, "fields": {"user_profile": 12, "recipient": 118, "active": true, "is_user_active": true, "is_muted": false, "color": "#c2c2c2", "pin_to_top": false, "desktop_notifications": null, "audible_notifications": null, "push_notifications": null, "email_notifications": null, "wildcard_mentions_notify": null}}, {"model": "zerver.subscription", "pk": 13, "fields": {"user_profile": 13, "recipient": 119, "active": true, "is_user_active": true, "is_muted": false, "color": "#c2c2c2", "pin_to_top": false, "desktop_notifications": null, "audible_notifications": null, "push_notifications": null, "email_notifications": null, "wildcard_mentions_notify": null}}, {"model": "zerver.subscription", "pk": 14, "fields": {"user_profile": 14, "recipient": 120, "active": true, "is_user_active": true, "is_muted": false, "color": "#c2c2c2", "pin_to_top": false, "desktop_notifications": null, "audible_notifications": null, "push_notifications": null, "email_notifications": null, "wildcard_mentions_notify": null}}, {"model": "zerver.subscription", "pk": 15, "fields": {"user_profile": 15, "recipient": 121, "active": true, "is_user_active": true, "is_muted": false, "color": "#c2c2c2", "pin_to_top": false, "desktop_notifications": null, "audible_notifications": null, "push_notifications": null, "email_notifications": null, "wildcard_mentions_notify": null}}, {"model": "zerver.subscription", "pk": 16, "fields": {"user_profile": 16, "recipient": 122, "active": true, "is_user_active": true, "is_muted": false, "color": "#c2c2c2", "pin_to_top": false, "desktop_notifications": null, "audible_notifications": null, "push_notifications": null, "email_notifications": null, "wildcard_mentions_notify": null}}, {"model": "zerver.subscription", "pk": 17, "fields": {"user_profile": 17, "recipient": 123, "active": true, "is_user_active": true, "is_muted": false, "color": "#c2c2c2", "pin_to_top": false, "desktop_notifications": null, "audible_notifications": null, "push_notifications": null, "email_notifications": null, "wildcard_mentions_notify": null}}, {"model": "zerver.subscription", "pk": 18, "fields": {"user_profile": 18, "recipient": 124, "active": true, "is_user_active": true, "is_muted": false, "color": "#c2c2c2", "pin_to_top": false, "desktop_notifications": null, "audible_notifications": null, "push_notifications": null, "email_notifications": null, "wildcard_mentions_notify": null}}, {"model": "zerver.subscription", "pk": 19, "fields": {"user_profile": 19, "recipient": 125, "active": true, "is_user_active": true, "is_muted": false, "color": "#c2c2c2", "pin_to_top": false, "desktop_notifications": null, "audible_notifications": null, "push_notifications": null, "email_notifications": null, "wildcard_mentions_notify": null}}, {"model": "zerver.subscription", "pk": 20, "fields": {"user_profile": 10, "recipient": 106, "active": true, "is_user_active": true, "is_muted": false, "color": "#fae589", "pin_to_top": false, "desktop_notifications": null, "audible_notifications": null, "push_notifications": null, "email_notifications": null, "wildcard_mentions_notify": null}}, {"model": "zerver.subscription", "pk": 21, "fields": {"user_profile": 10, "recipient": 126, "active": true, "is_user_active": true, "is_muted": false, "color": "#a6c7e5", "pin_to_top": false, "desktop_notifications": null, "audible_notifications": null, "push_notifications": null, "email_notifications": null, "wildcard_mentions_notify": null}}, {"model": "zerver.subscription", "pk": 22, "fields": {"user_profile": 10, "recipient": 107, "active": true, "is_user_active": true, "is_muted": false, "color": "#e79ab5", "pin_to_top": false, "desktop_notifications": null, "audible_notifications": null, "push_notifications": null, "email_notifications": null, "wildcard_mentions_notify": null}}, {"model": "zerver.subscription", "pk": 23, "fields": {"user_profile": 11, "recipient": 106, "active": true, "is_user_active": true, "is_muted": false, "color": "#bfd56f", "pin_to_top": false, "desktop_notifications": null, "audible_notifications": null, "push_notifications": null, "email_notifications": null, "wildcard_mentions_notify": null}}, {"model": "zerver.subscription", "pk": 24, "fields": {"user_profile": 11, "recipient": 126, "active": true, "is_user_active": true, "is_muted": false, "color": "#f4ae55", "pin_to_top": false, "desktop_notifications": null, "audible_notifications": null, "push_notifications": null, "email_notifications": null, "wildcard_mentions_notify": null}}, {"model": "zerver.subscription", "pk": 25, "fields": {"user_profile": 11, "recipient": 128, "active": true, "is_user_active": true, "is_muted": false, "color": "#b0a5fd", "pin_to_top": false, "desktop_notifications": null, "audible_notifications": null, "push_notifications": null, "email_notifications": null, "wildcard_mentions_notify": null}}, {"model": "zerver.subscription", "pk": 26, "fields": {"user_profile": 11, "recipient": 107, "active": true, "is_user_active": true, "is_muted": false, "color": "#addfe5", "pin_to_top": false, "desktop_notifications": null, "audible_notifications": null, "push_notifications": null, "email_notifications": null, "wildcard_mentions_notify": null}}, {"model": "zerver.subscription", "pk": 27, "fields": {"user_profile": 12, "recipient": 106, "active": true, "is_user_active": true, "is_muted": false, "color": "#f5ce6e", "pin_to_top": false, "desktop_notifications": null, "audible_notifications": null, "push_notifications": null, "email_notifications": null, "wildcard_mentions_notify": null}}, {"model": "zerver.subscription", "pk": 28, "fields": {"user_profile": 12, "recipient": 126, "active": true, "is_user_active": true, "is_muted": false, "color": "#c2726a", "pin_to_top": false, "desktop_notifications": null, "audible_notifications": null, "push_notifications": null, "email_notifications": null, "wildcard_mentions_notify": null}}, {"model": "zerver.subscription", "pk": 29, "fields": {"user_profile": 12, "recipient": 128, "active": true, "is_user_active": true, "is_muted": false, "color": "#94c849", "pin_to_top": false, "desktop_notifications": null, "audible_notifications": null, "push_notifications": null, "email_notifications": null, "wildcard_mentions_notify": null}}, {"model": "zerver.subscription", "pk": 30, "fields": {"user_profile": 13, "recipient": 106, "active": true, "is_user_active": true, "is_muted": false, "color": "#bd86e5", "pin_to_top": false, "desktop_notifications": null, "audible_notifications": null, "push_notifications": null, "email_notifications": null, "wildcard_mentions_notify": null}}, {"model": "zerver.subscription", "pk": 31, "fields": {"user_profile": 14, "recipient": 106, "active": true, "is_user_active": true, "is_muted": false, "color": "#ee7e4a", "pin_to_top": false, "desktop_notifications": null, "audible_notifications": null, "push_notifications": null, "email_notifications": null, "wildcard_mentions_notify": null}}, {"model": "zerver.subscription", "pk": 32, "fields": {"user_profile": 14, "recipient": 126, "active": true, "is_user_active": true, "is_muted": false, "color": "#a6dcbf", "pin_to_top": false, "desktop_notifications": null, "audible_notifications": null, "push_notifications": null, "email_notifications": null, "wildcard_mentions_notify": null}}, {"model": "zerver.subscription", "pk": 33, "fields": {"user_profile": 14, "recipient": 128, "active": true, "is_user_active": true, "is_muted": false, "color": "#95a5fd", "pin_to_top": false, "desktop_notifications": null, "audible_notifications": null, "push_notifications": null, "email_notifications": null, "wildcard_mentions_notify": null}}, {"model": "zerver.subscription", "pk": 34, "fields": {"user_profile": 14, "recipient": 129, "active": true, "is_user_active": true, "is_muted": false, "color": "#53a063", "pin_to_top": false, "desktop_notifications": null, "audible_notifications": null, "push_notifications": null, "email_notifications": null, "wildcard_mentions_notify": null}}, {"model": "zerver.subscription", "pk": 35, "fields": {"user_profile": 15, "recipient": 106, "active": true, "is_user_active": true, "is_muted": false, "color": "#9987e1", "pin_to_top": false, "desktop_notifications": null, "audible_notifications": null, "push_notifications": null, "email_notifications": null, "wildcard_mentions_notify": null}}, {"model": "zerver.subscription", "pk": 36, "fields": {"user_profile": 15, "recipient": 126, "active": true, "is_user_active": true, "is_muted": false, "color": "#e4523d", "pin_to_top": false, "desktop_notifications": null, "audible_notifications": null, "push_notifications": null, "email_notifications": null, "wildcard_mentions_notify": null}}, {"model": "zerver.subscription", "pk": 37, "fields": {"user_profile": 15, "recipient": 128, "active": true, "is_user_active": true, "is_muted": false, "color": "#c2c2c2", "pin_to_top": false, "desktop_notifications": null, "audible_notifications": null, "push_notifications": null, "email_notifications": null, "wildcard_mentions_notify": null}}, {"model": "zerver.subscription", "pk": 38, "fields": {"user_profile": 6, "recipient": 106, "active": true, "is_user_active": true, "is_muted": false, "color": "#4f8de4", "pin_to_top": false, "desktop_notifications": null, "audible_notifications": null, "push_notifications": null, "email_notifications": null, "wildcard_mentions_notify": null}}, {"model": "zerver.subscription", "pk": 39, "fields": {"user_profile": 7, "recipient": 106, "active": true, "is_user_active": true, "is_muted": false, "color": "#c6a8ad", "pin_to_top": false, "desktop_notifications": null, "audible_notifications": null, "push_notifications": null, "email_notifications": null, "wildcard_mentions_notify": null}}, {"model": "zerver.subscription", "pk": 40, "fields": {"user_profile": 7, "recipient": 126, "active": true, "is_user_active": true, "is_muted": false, "color": "#e7cc4d", "pin_to_top": false, "desktop_notifications": null, "audible_notifications": null, "push_notifications": null, "email_notifications": null, "wildcard_mentions_notify": null}}, {"model": "zerver.subscription", "pk": 41, "fields": {"user_profile": 7, "recipient": 128, "active": true, "is_user_active": true, "is_muted": false, "color": "#c8bebf", "pin_to_top": false, "desktop_notifications": null, "audible_notifications": null, "push_notifications": null, "email_notifications": null, "wildcard_mentions_notify": null}}, {"model": "zerver.subscription", "pk": 42, "fields": {"user_profile": 7, "recipient": 129, "active": true, "is_user_active": true, "is_muted": false, "color": "#a47462", "pin_to_top": false, "desktop_notifications": null, "audible_notifications": null, "push_notifications": null, "email_notifications": null, "wildcard_mentions_notify": null}}, {"model": "zerver.subscription", "pk": 43, "fields": {"user_profile": 7, "recipient": 127, "active": true, "is_user_active": true, "is_muted": false, "color": "#76ce90", "pin_to_top": false, "desktop_notifications": null, "audible_notifications": null, "push_notifications": null, "email_notifications": null, "wildcard_mentions_notify": null}}, {"model": "zerver.subscription", "pk": 44, "fields": {"user_profile": 8, "recipient": 106, "active": true, "is_user_active": true, "is_muted": false, "color": "#fae589", "pin_to_top": false, "desktop_notifications": null, "audible_notifications": null, "push_notifications": null, "email_notifications": null, "wildcard_mentions_notify": null}}, {"model": "zerver.subscription", "pk": 45, "fields": {"user_profile": 9, "recipient": 106, "active": true, "is_user_active": true, "is_muted": false, "color": "#a6c7e5", "pin_to_top": false, "desktop_notifications": null, "audible_notifications": null, "push_notifications": null, "email_notifications": null, "wildcard_mentions_notify": null}}, {"model": "zerver.subscription", "pk": 46, "fields": {"user_profile": 9, "recipient": 126, "active": true, "is_user_active": true, "is_muted": false, "color": "#e79ab5", "pin_to_top": false, "desktop_notifications": null, "audible_notifications": null, "push_notifications": null, "email_notifications": null, "wildcard_mentions_notify": null}}, {"model": "zerver.subscription", "pk": 47, "fields": {"user_profile": 9, "recipient": 129, "active": true, "is_user_active": true, "is_muted": false, "color": "#bfd56f", "pin_to_top": false, "desktop_notifications": null, "audible_notifications": null, "push_notifications": null, "email_notifications": null, "wildcard_mentions_notify": null}}, {"model": "zerver.subscription", "pk": 48, "fields": {"user_profile": 9, "recipient": 107, "active": true, "is_user_active": true, "is_muted": false, "color": "#f4ae55", "pin_to_top": false, "desktop_notifications": null, "audible_notifications": null, "push_notifications": null, "email_notifications": null, "wildcard_mentions_notify": null}}, {"model": "zerver.subscription", "pk": 49, "fields": {"user_profile": 20, "recipient": 130, "active": true, "is_user_active": true, "is_muted": false, "color": "#c2c2c2", "pin_to_top": false, "desktop_notifications": null, "audible_notifications": null, "push_notifications": null, "email_notifications": null, "wildcard_mentions_notify": null}}, {"model": "zerver.subscription", "pk": 50, "fields": {"user_profile": 21, "recipient": 131, "active": true, "is_user_active": true, "is_muted": false, "color": "#c2c2c2", "pin_to_top": false, "desktop_notifications": null, "audible_notifications": null, "push_notifications": null, "email_notifications": null, "wildcard_mentions_notify": null}}, {"model": "zerver.subscription", "pk": 51, "fields": {"user_profile": 22, "recipient": 132, "active": true, "is_user_active": true, "is_muted": false, "color": "#c2c2c2", "pin_to_top": false, "desktop_notifications": null, "audible_notifications": null, "push_notifications": null, "email_notifications": null, "wildcard_mentions_notify": null}}, {"model": "zerver.subscription", "pk": 52, "fields": {"user_profile": 21, "recipient": 109, "active": true, "is_user_active": true, "is_muted": false, "color": "#76ce90", "pin_to_top": false, "desktop_notifications": null, "audible_notifications": null, "push_notifications": null, "email_notifications": null, "wildcard_mentions_notify": null}}, {"model": "zerver.subscription", "pk": 53, "fields": {"user_profile": 23, "recipient": 134, "active": true, "is_user_active": true, "is_muted": false, "color": "#c2c2c2", "pin_to_top": false, "desktop_notifications": null, "audible_notifications": null, "push_notifications": null, "email_notifications": null, "wildcard_mentions_notify": null}}, {"model": "zerver.subscription", "pk": 54, "fields": {"user_profile": 24, "recipient": 133, "active": true, "is_user_active": true, "is_muted": false, "color": "#c2c2c2", "pin_to_top": false, "desktop_notifications": null, "audible_notifications": null, "push_notifications": null, "email_notifications": null, "wildcard_mentions_notify": null}}, {"model": "zerver.subscription", "pk": 55, "fields": {"user_profile": 24, "recipient": 111, "active": true, "is_user_active": true, "is_muted": false, "color": "#76ce90", "pin_to_top": false, "desktop_notifications": null, "audible_notifications": null, "push_notifications": null, "email_notifications": null, "wildcard_mentions_notify": null}}, {"model": "zerver.message", "pk": 1, "fields": {"sender": 7, "recipient": 126, "realm": 2, "subject": "router", "content": "Is https://zulip.readthedocs.io/en/latest/translating/translating.html  it possible to justify the great pains we took in our implementation? Possibly. Seizing upon this approximate configuration, we ran four novel experiments.", "rendered_content": "<p>Is <a href=\"https://zulip.readthedocs.io/en/latest/translating/translating.html\">https://zulip.readthedocs.io/en/latest/translating/translating.html</a>  it possible to justify the great pains we took in our implementation? Possibly. Seizing upon this approximate configuration, we ran four novel experiments.</p>", "rendered_content_version": 1, "date_sent": "2024-09-01T19:47:55.888Z", "sending_client": 4, "last_edit_time": null, "edit_history": null, "has_attachment": false, "has_image": false, "has_link": true, "search_tsvector": null}}, {"model": "zerver.message", "pk": 2, "fields": {"sender": 14, "recipient": 129, "realm": 2, "subject": "blue MOBILE isn't de-duping erratically", "content": "That Philocrates, the bird-seller, played us a scurvy trick, when he pretended these two guides could help us to find Tereus, the Epops, who is a bird, without being born of one. He has indeed sold us this jay, a true son of Tharelides, for an obolus, and this crow for three, but what can they do? Why, nothing whatever but bite and scratch! -- What's the matter with you then, that you keep opening your beak? Do you want us to fling ourselves headlong down these rocks? There is no road that way.\n\n```\ndef write_multiple_items(file, separator, *args):\n    file.write(separator.join(args))\n```", "rendered_content": "<p>That Philocrates, the bird-seller, played us a scurvy trick, when he pretended these two guides could help us to find Tereus, the Epops, who is a bird, without being born of one. He has indeed sold us this jay, a true son of Tharelides, for an obolus, and this crow for three, but what can they do? Why, nothing whatever but bite and scratch! -- What's the matter with you then, that you keep opening your beak? Do you want us to fling ourselves headlong down these rocks? There is no road that way.</p>\n<div class=\"codehilite\"><pre><span></span><code>def write_multiple_items(file, separator, *args):\n    file.write(separator.join(args))\n</code></pre></div>", "rendered_content_version": 1, "date_sent": "2024-09-01T20:42:13.044Z", "sending_client": 4, "last_edit_time": null, "edit_history": null, "has_attachment": false, "has_image": false, "has_link": false, "search_tsvector": null}}, {"model": "zerver.message", "pk": 3, "fields": {"sender": 14, "recipient": 126, "realm": 2, "subject": "router", "content": "The rest of this paper is organized as follows. We motivate the need for programming. Further, we place our work in context with the related work in this area. Next, to address this problem, we argue that the transistor and the Turing machine can collude to achieve this purpose.", "rendered_content": "<p>The rest of this paper is organized as follows. We motivate the need for programming. Further, we place our work in context with the related work in this area. Next, to address this problem, we argue that the transistor and the Turing machine can collude to achieve this purpose.</p>", "rendered_content_version": 1, "date_sent": "2024-09-01T21:47:22.391Z", "sending_client": 4, "last_edit_time": null, "edit_history": null, "has_attachment": false, "has_image": false, "has_link": false, "search_tsvector": null}}, {"model": "zerver.message", "pk": 4, "fields": {"sender": 15, "recipient": 126, "realm": 2, "subject": "router", "content": "A number of previous algorithms have refined semantic information, either for the exploration of journaling file systems that would allow for further study into sensor networks or for the improvement of model checking.", "rendered_content": "<p>A number of previous algorithms have refined semantic information, either for the exploration of journaling file systems that would allow for further study into sensor networks or for the improvement of model checking.</p>", "rendered_content_version": 1, "date_sent": "2024-09-01T23:13:46.904Z", "sending_client": 4, "last_edit_time": null, "edit_history": null, "has_attachment": false, "has_image": false, "has_link": false, "search_tsvector": null}}, {"model": "zerver.message", "pk": 5, "fields": {"sender": 9, "recipient": 126, "realm": 2, "subject": "last URLS has been de-duping erratically", "content": "I think that responsiveness is one of the low-hanging fruits that are worth improving\n* Myrmica ruginodis\n* Myrmica kotokui\n* Crematogaster pilosa", "rendered_content": "<p>I think that responsiveness is one of the low-hanging fruits that are worth improving</p>\n<ul>\n<li>Myrmica ruginodis</li>\n<li>Myrmica kotokui</li>\n<li>Crematogaster pilosa</li>\n</ul>", "rendered_content_version": 1, "date_sent": "2024-09-02T00:08:52.111Z", "sending_client": 4, "last_edit_time": null, "edit_history": null, "has_attachment": false, "has_image": false, "has_link": false, "search_tsvector": null}}, {"model": "zerver.message", "pk": 6, "fields": {"sender": 12, "recipient": 126, "realm": 2, "subject": "last URLS has been de-duping erratically", "content": "To achieve this goal, we discover how I/O automata can be applied to the improvement of context-free grammar.\n`list(range(3, 6))`", "rendered_content": "<p>To achieve this goal, we discover how I/O automata can be applied to the improvement of context-free grammar.<br>\n<code>list(range(3, 6))</code></p>", "rendered_content_version": 1, "date_sent": "2024-09-02T01:39:36.367Z", "sending_client": 4, "last_edit_time": null, "edit_history": null, "has_attachment": false, "has_image": false, "has_link": false, "search_tsvector": null}}, {"model": "zerver.message", "pk": 7, "fields": {"sender": 10, "recipient": 107, "realm": 2, "subject": "last server wasn't loading slowly", "content": "Along these same lines, In addition, existing probabilistic and random heuristics use the study of evolutionary programming to develop the development of RAID.\n```quote\nBe yourself; everyone else is already taken.\n -- Oscar Wilde\n```", "rendered_content": "<p>Along these same lines, In addition, existing probabilistic and random heuristics use the study of evolutionary programming to develop the development of RAID.</p>\n<blockquote>\n<p>Be yourself; everyone else is already taken.<br>\n -- Oscar Wilde</p>\n</blockquote>", "rendered_content_version": 1, "date_sent": "2024-09-02T01:40:22.866Z", "sending_client": 4, "last_edit_time": null, "edit_history": null, "has_attachment": false, "has_image": false, "has_link": false, "search_tsvector": null}}, {"model": "zerver.message", "pk": 8, "fields": {"sender": 11, "recipient": 107, "realm": 2, "subject": "last server wasn't loading slowly", "content": "I think doing it random every time is a good place to start, and we can consider making it not random only if there's feedback suggesting something different", "rendered_content": "<p>I think doing it random every time is a good place to start, and we can consider making it not random only if there's feedback suggesting something different</p>", "rendered_content_version": 1, "date_sent": "2024-09-02T03:19:53.170Z", "sending_client": 4, "last_edit_time": null, "edit_history": null, "has_attachment": false, "has_image": false, "has_link": false, "search_tsvector": null}}, {"model": "zerver.message", "pk": 9, "fields": {"sender": 7, "recipient": 129, "realm": 2, "subject": "big desktop compiling", "content": "Our detailed performance analysis mandated many hardware modifications. We carried out a real-world prototype on :tada:  our underwater testbed to measure Erwin Schroedinger's deployment of e-business in 1970.", "rendered_content": "<p>Our detailed performance analysis mandated many hardware modifications. We carried out a real-world prototype on <span aria-label=\"tada\" class=\"emoji emoji-1f389\" role=\"img\" title=\"tada\">:tada:</span>  our underwater testbed to measure Erwin Schroedinger's deployment of e-business in 1970.</p>", "rendered_content_version": 1, "date_sent": "2024-09-02T04:25:34.544Z", "sending_client": 4, "last_edit_time": null, "edit_history": null, "has_attachment": false, "has_image": false, "has_link": false, "search_tsvector": null}}, {"model": "zerver.message", "pk": 10, "fields": {"sender": 14, "recipient": 129, "realm": 2, "subject": "blue MOBILE isn't de-duping erratically", "content": "As a first step, I think it is viable to show the raw Markdown, and then replace it when the server sends the update event.\n[topics](/static/images/story-tutorial/zulip-topic.png)\n", "rendered_content": "<p>As a first step, I think it is viable to show the raw Markdown, and then replace it when the server sends the update event.<br>\n<a href=\"/static/images/story-tutorial/zulip-topic.png\">topics</a></p>\n<div class=\"message_inline_image\"><a href=\"/static/images/story-tutorial/zulip-topic.png\" title=\"topics\"><img src=\"/static/images/story-tutorial/zulip-topic.png\"></a></div>", "rendered_content_version": 1, "date_sent": "2024-09-02T05:36:43.454Z", "sending_client": 4, "last_edit_time": null, "edit_history": null, "has_attachment": false, "has_image": true, "has_link": true, "search_tsvector": null}}, {"model": "zerver.message", "pk": 11, "fields": {"sender": 7, "recipient": 126, "realm": 2, "subject": "LAST server was compiling erratically", "content": "Try doing that and seeing if it solves the problem. If it doesn't, then maybe it's the case that any new emails that get scheduled aren't able to be sent with your email provider\n* Myrmica ruginodis\n* Myrmica kotokui\n* Crematogaster pilosa", "rendered_content": "<p>Try doing that and seeing if it solves the problem. If it doesn't, then maybe it's the case that any new emails that get scheduled aren't able to be sent with your email provider</p>\n<ul>\n<li>Myrmica ruginodis</li>\n<li>Myrmica kotokui</li>\n<li>Crematogaster pilosa</li>\n</ul>", "rendered_content_version": 1, "date_sent": "2024-09-02T05:58:02.650Z", "sending_client": 4, "last_edit_time": null, "edit_history": null, "has_attachment": false, "has_image": false, "has_link": false, "search_tsvector": null}}, {"model": "zerver.message", "pk": 12, "fields": {"sender": 14, "recipient": 126, "realm": 2, "subject": "last URLS has been de-duping erratically", "content": "\"Fuzzy\" communication and B-trees have garnered limited interest from both theorists and cyberinformaticians in the last several years.\n`(inc [1 2 3 4 5])`", "rendered_content": "<p>\"Fuzzy\" communication and B-trees have garnered limited interest from both theorists and cyberinformaticians in the last several years.<br>\n<code>(inc [1 2 3 4 5])</code></p>", "rendered_content_version": 1, "date_sent": "2024-09-02T07:27:15.354Z", "sending_client": 4, "last_edit_time": null, "edit_history": null, "has_attachment": false, "has_image": false, "has_link": false, "search_tsvector": null}}, {"model": "zerver.message", "pk": 13, "fields": {"sender": 9, "recipient": 126, "realm": 2, "subject": "last URLS has been de-duping erratically", "content": "The usual methods for the synthesis of simulated annealing :thumbs_up:  do not apply in this area. Combined with introspective symmetries, it constructs an analysis of DNS.", "rendered_content": "<p>The usual methods for the synthesis of simulated annealing <span aria-label=\"thumbs up\" class=\"emoji emoji-1f44d\" role=\"img\" title=\"thumbs up\">:thumbs_up:</span>  do not apply in this area. Combined with introspective symmetries, it constructs an analysis of DNS.</p>", "rendered_content_version": 1, "date_sent": "2024-09-02T08:30:18.129Z", "sending_client": 4, "last_edit_time": null, "edit_history": null, "has_attachment": false, "has_image": false, "has_link": false, "search_tsvector": null}}, {"model": "zerver.message", "pk": 14, "fields": {"sender": 14, "recipient": 129, "realm": 2, "subject": "big desktop compiling", "content": "First, we demonstrate that despite the fact that RPCs can be made permutable, multimodal, and replicated, the infamous mobile algorithm for the emulation of RPCs runs in $$O(2^n)$$ time. Along these same lines, we use \"smart\" archetypes to disprove that the little-known interposable algorithm *for the evaluation of* interrupts follows a Zipf-like distribution.", "rendered_content": "<p>First, we demonstrate that despite the fact that RPCs can be made permutable, multimodal, and replicated, the infamous mobile algorithm for the emulation of RPCs runs in <span class=\"katex\"><span class=\"katex-mathml\"><math xmlns=\"http://www.w3.org/1998/Math/MathML\"><semantics><mrow><mi>O</mi><mo stretchy=\"false\">(</mo><msup><mn>2</mn><mi>n</mi></msup><mo stretchy=\"false\">)</mo></mrow><annotation encoding=\"application/x-tex\">O(2^n)</annotation></semantics></math></span><span class=\"katex-html\" aria-hidden=\"true\"><span class=\"base\"><span class=\"strut\" style=\"height:1em;vertical-align:-0.25em;\"></span><span class=\"mord mathnormal\" style=\"margin-right:0.02778em;\">O</span><span class=\"mopen\">(</span><span class=\"mord\"><span class=\"mord\">2</span><span class=\"msupsub\"><span class=\"vlist-t\"><span class=\"vlist-r\"><span class=\"vlist\" style=\"height:0.6644em;\"><span style=\"top:-3.063em;margin-right:0.05em;\"><span class=\"pstrut\" style=\"height:2.7em;\"></span><span class=\"sizing reset-size6 size3 mtight\"><span class=\"mord mathnormal mtight\">n</span></span></span></span></span></span></span></span><span class=\"mclose\">)</span></span></span></span> time. Along these same lines, we use \"smart\" archetypes to disprove that the little-known interposable algorithm <em>for the evaluation of</em> interrupts follows a Zipf-like distribution.</p>", "rendered_content_version": 1, "date_sent": "2024-09-02T08:45:16.525Z", "sending_client": 4, "last_edit_time": null, "edit_history": null, "has_attachment": false, "has_image": false, "has_link": false, "search_tsvector": null}}, {"model": "zerver.message", "pk": 15, "fields": {"sender": 15, "recipient": 128, "realm": 2, "subject": "leased server isn't compiling", "content": "We estimate that the study of robots can explore the Internet without needing to locate context-free :earth_asia:  grammar.", "rendered_content": "<p>We estimate that the study of robots can explore the Internet without needing to locate context-free <span aria-label=\"earth asia\" class=\"emoji emoji-1f30f\" role=\"img\" title=\"earth asia\">:earth_asia:</span>  grammar.</p>", "rendered_content_version": 1, "date_sent": "2024-09-02T10:26:23.591Z", "sending_client": 4, "last_edit_time": null, "edit_history": null, "has_attachment": false, "has_image": false, "has_link": false, "search_tsvector": null}}, {"model": "zerver.message", "pk": 16, "fields": {"sender": 7, "recipient": 127, "realm": 2, "subject": "FAILED EXPORT", "content": "The reason for this is that studies have shown that instruction rate is roughly 23% higher than we might expect.", "rendered_content": "<p>The reason for this is that studies have shown that instruction rate is roughly 23% higher than we might expect.</p>", "rendered_content_version": 1, "date_sent": "2024-09-02T10:40:09.004Z", "sending_client": 4, "last_edit_time": null, "edit_history": null, "has_attachment": false, "has_image": false, "has_link": false, "search_tsvector": null}}, {"model": "zerver.message", "pk": 17, "fields": {"sender": 10, "recipient": 107, "realm": 2, "subject": "last server wasn't loading slowly", "content": "Our focus in this position paper is not on whether public-private key pairs can be made heterogeneous, encrypted, and embedded, but rather on describing new low-energy technology.\n```quote\nI've learned that people will forget what you said, people will forget what you did, but people will never forget how you made them feel.\n -- Maya Angelou\n```", "rendered_content": "<p>Our focus in this position paper is not on whether public-private key pairs can be made heterogeneous, encrypted, and embedded, but rather on describing new low-energy technology.</p>\n<blockquote>\n<p>I've learned that people will forget what you said, people will forget what you did, but people will never forget how you made them feel.<br>\n -- Maya Angelou</p>\n</blockquote>", "rendered_content_version": 1, "date_sent": "2024-09-02T12:04:08.779Z", "sending_client": 4, "last_edit_time": null, "edit_history": null, "has_attachment": false, "has_image": false, "has_link": false, "search_tsvector": null}}, {"model": "zerver.message", "pk": 18, "fields": {"sender": 7, "recipient": 128, "realm": 2, "subject": "router", "content": "I am she whose language is sweeter than honey, the zealous follower of the Muses, as Homer has it: the poet.", "rendered_content": "<p>I am she whose language is sweeter than honey, the zealous follower of the Muses, as Homer has it: the poet.</p>", "rendered_content_version": 1, "date_sent": "2024-09-02T12:44:52.719Z", "sending_client": 4, "last_edit_time": null, "edit_history": null, "has_attachment": false, "has_image": false, "has_link": false, "search_tsvector": null}}, {"model": "zerver.message", "pk": 19, "fields": {"sender": 7, "recipient": 127, "realm": 2, "subject": "first PLOTS was loading quickly", "content": "It seems there's pretty strong interest in 1 / connection, so maybe we should switch to that soon and then continue discussion with that in view.", "rendered_content": "<p>It seems there's pretty strong interest in 1 / connection, so maybe we should switch to that soon and then continue discussion with that in view.</p>", "rendered_content_version": 1, "date_sent": "2024-09-02T14:00:38.791Z", "sending_client": 4, "last_edit_time": null, "edit_history": null, "has_attachment": false, "has_image": false, "has_link": false, "search_tsvector": null}}, {"model": "zerver.message", "pk": 20, "fields": {"sender": 11, "recipient": 107, "realm": 2, "subject": "last database linking", "content": "Oh you, who have founded so illustrious a city in the air, you know not in what esteem people hold you and how many there are who burn with desire to dwell in it. Before your city was built, all had a mania for Sparta; long hair and fasting were held in honour, people went dirty like Socrates and carried staves. https://zulip.readthedocs.io/en/latest/subsystems/full-text-search.html  Now all is changed.", "rendered_content": "<p>Oh you, who have founded so illustrious a city in the air, you know not in what esteem people hold you and how many there are who burn with desire to dwell in it. Before your city was built, all had a mania for Sparta; long hair and fasting were held in honour, people went dirty like Socrates and carried staves. <a href=\"https://zulip.readthedocs.io/en/latest/subsystems/full-text-search.html\">https://zulip.readthedocs.io/en/latest/subsystems/full-text-search.html</a>  Now all is changed.</p>", "rendered_content_version": 1, "date_sent": "2024-09-02T15:14:02.654Z", "sending_client": 4, "last_edit_time": null, "edit_history": null, "has_attachment": false, "has_image": false, "has_link": true, "search_tsvector": null}}, {"model": "zerver.message", "pk": 21, "fields": {"sender": 9, "recipient": 126, "realm": 2, "subject": "last URLS has been de-duping erratically", "content": "Primarily, we disprove that fiber-optic cables and cache coherence can connect to address this quandary. We concentrate our efforts on disconfirming that write-back caches and programming can agree to fulfill this intent.", "rendered_content": "<p>Primarily, we disprove that fiber-optic cables and cache coherence can connect to address this quandary. We concentrate our efforts on disconfirming that write-back caches and programming can agree to fulfill this intent.</p>", "rendered_content_version": 1, "date_sent": "2024-09-02T15:44:27.871Z", "sending_client": 4, "last_edit_time": null, "edit_history": null, "has_attachment": false, "has_image": false, "has_link": false, "search_tsvector": null}}, {"model": "zerver.message", "pk": 22, "fields": {"sender": 7, "recipient": 129, "realm": 2, "subject": "blue MOBILE isn't de-duping erratically", "content": "Motivated by these observations, encrypted modalities and peer-to-peer models have been extensively refined by statisticians.\n[twitter](/static/images/features/twitter.png)\n", "rendered_content": "<p>Motivated by these observations, encrypted modalities and peer-to-peer models have been extensively refined by statisticians.<br>\n<a href=\"/static/images/features/twitter.png\">twitter</a></p>\n<div class=\"message_inline_image\"><a href=\"/static/images/features/twitter.png\" title=\"twitter\"><img src=\"/static/images/features/twitter.png\"></a></div>", "rendered_content_version": 1, "date_sent": "2024-09-02T17:18:19.527Z", "sending_client": 4, "last_edit_time": null, "edit_history": null, "has_attachment": false, "has_image": true, "has_link": true, "search_tsvector": null}}, {"model": "zerver.message", "pk": 23, "fields": {"sender": 14, "recipient": 126, "realm": 2, "subject": "LAST server was compiling erratically", "content": "We motivate the need for public-private key pairs. On a similar note, to fulfill this ambition, we verify that even though the famous empathic algorithm for the emulation of erasure coding by G.\n```quote\nSocieties have always been shaped more by the nature of the media by which humans communicate than by the content of the communication.\n -- Marshall McLuhan\n```", "rendered_content": "<p>We motivate the need for public-private key pairs. On a similar note, to fulfill this ambition, we verify that even though the famous empathic algorithm for the emulation of erasure coding by G.</p>\n<blockquote>\n<p>Societies have always been shaped more by the nature of the media by which humans communicate than by the content of the communication.<br>\n -- Marshall McLuhan</p>\n</blockquote>", "rendered_content_version": 1, "date_sent": "2024-09-02T18:07:42.198Z", "sending_client": 4, "last_edit_time": null, "edit_history": null, "has_attachment": false, "has_image": false, "has_link": false, "search_tsvector": null}}, {"model": "zerver.message", "pk": 24, "fields": {"sender": 11, "recipient": 126, "realm": 2, "subject": "last URLS has been de-duping erratically", "content": "Such a claim might seem unexpected but fell in line with our expectations. We also prove that though the transistor and superpages can connect to address this issue, evolutionary programming can be made \"fuzzy\", highly-available, and introspective. Finally, we concentrate our efforts on confirming that the UNIVAC computer and architecture are mostly incompatible.\n\n```python\ndef concat(*args, sep='/'):\n    return sep.join(args)\n```", "rendered_content": "<p>Such a claim might seem unexpected but fell in line with our expectations. We also prove that though the transistor and superpages can connect to address this issue, evolutionary programming can be made \"fuzzy\", highly-available, and introspective. Finally, we concentrate our efforts on confirming that the UNIVAC computer and architecture are mostly incompatible.</p>\n<div class=\"codehilite\" data-code-language=\"Python\"><pre><span></span><code><span class=\"k\">def</span> <span class=\"nf\">concat</span><span class=\"p\">(</span><span class=\"o\">*</span><span class=\"n\">args</span><span class=\"p\">,</span> <span class=\"n\">sep</span><span class=\"o\">=</span><span class=\"s1\">'/'</span><span class=\"p\">):</span>\n    <span class=\"k\">return</span> <span class=\"n\">sep</span><span class=\"o\">.</span><span class=\"n\">join</span><span class=\"p\">(</span><span class=\"n\">args</span><span class=\"p\">)</span>\n</code></pre></div>", "rendered_content_version": 1, "date_sent": "2024-09-02T19:38:30.370Z", "sending_client": 4, "last_edit_time": null, "edit_history": null, "has_attachment": false, "has_image": false, "has_link": false, "search_tsvector": null}}, {"model": "zerver.message", "pk": 25, "fields": {"sender": 11, "recipient": 126, "realm": 2, "subject": "router", "content": "Many biologists would agree that, had it not been for superblocks, the understanding of write-ahead logging might never have occurred.", "rendered_content": "<p>Many biologists would agree that, had it not been for superblocks, the understanding of write-ahead logging might never have occurred.</p>", "rendered_content_version": 1, "date_sent": "2024-09-05T19:42:55.986Z", "sending_client": 4, "last_edit_time": null, "edit_history": null, "has_attachment": false, "has_image": false, "has_link": false, "search_tsvector": null}}, {"model": "zerver.message", "pk": 26, "fields": {"sender": 11, "recipient": 107, "realm": 2, "subject": "last server wasn't loading slowly", "content": "what if you just want *to look at something and go* back to where you were?", "rendered_content": "<p>what if you just want <em>to look at something and go</em> back to where you were?</p>", "rendered_content_version": 1, "date_sent": "2024-09-06T01:04:24.663Z", "sending_client": 4, "last_edit_time": null, "edit_history": null, "has_attachment": false, "has_image": false, "has_link": false, "search_tsvector": null}}, {"model": "zerver.message", "pk": 27, "fields": {"sender": 10, "recipient": 107, "realm": 2, "subject": "last database linking", "content": "Birds -- birds only; they had neither Egyptian brickmaker, nor stone-mason, nor carpenter; the birds did it all themselves; I could hardly believe my eyes. Thirty thousand cranes came from Libya with a supply of stones, intended for the foundations. The water-rails chiselled them with their beaks. Ten thousand storks were busy making bricks; plovers and other water fowl carried water into the air.\n```quote\nWord-work is sublime...because it is generative; it makes meaning that secures our difference, our human difference -- the way in which we are like no other life.\n -- Toni Morrison\n```", "rendered_content": "<p>Birds -- birds only; they had neither Egyptian brickmaker, nor stone-mason, nor carpenter; the birds did it all themselves; I could hardly believe my eyes. Thirty thousand cranes came from Libya with a supply of stones, intended for the foundations. The water-rails chiselled them with their beaks. Ten thousand storks were busy making bricks; plovers and other water fowl carried water into the air.</p>\n<blockquote>\n<p>Word-work is sublime...because it is generative; it makes meaning that secures our difference, our human difference -- the way in which we are like no other life.<br>\n -- Toni Morrison</p>\n</blockquote>", "rendered_content_version": 1, "date_sent": "2024-09-06T06:49:13.601Z", "sending_client": 4, "last_edit_time": null, "edit_history": null, "has_attachment": false, "has_image": false, "has_link": false, "search_tsvector": null}}, {"model": "zerver.message", "pk": 28, "fields": {"sender": 12, "recipient": 126, "realm": 2, "subject": "router", "content": "This project seems to be proceeding well; I'm looking forward to testing it out soon.", "rendered_content": "<p>This project seems to be proceeding well; I'm looking forward to testing it out soon.</p>", "rendered_content_version": 1, "date_sent": "2024-09-06T08:03:55.055Z", "sending_client": 4, "last_edit_time": null, "edit_history": null, "has_attachment": false, "has_image": false, "has_link": false, "search_tsvector": null}}, {"model": "zerver.message", "pk": 29, "fields": {"sender": 8, "recipient": 106, "realm": 2, "subject": "nas", "content": "ah, I see, the other files just isolated them, makes sense. I guess I'll wait for Iago to get back to us & see whether it is worth then to just pull out the details into a separate file.", "rendered_content": "<p>ah, I see, the other files just isolated them, makes sense. I guess I'll wait for Iago to get back to us &amp; see whether it is worth then to just pull out the details into a separate file.</p>", "rendered_content_version": 1, "date_sent": "2024-09-06T12:22:25.934Z", "sending_client": 4, "last_edit_time": null, "edit_history": null, "has_attachment": false, "has_image": false, "has_link": false, "search_tsvector": null}}, {"model": "zerver.message", "pk": 30, "fields": {"sender": 15, "recipient": 126, "realm": 2, "subject": "LAST server was compiling erratically", "content": "There is nothing more useful nor more pleasant than to have wings. To begin with, just let us suppose a spectator to be dying with hunger and to be weary of the choruses of the tragic poets; if they were winged, they would fly off, go home to dine and come back with their stomach filled.", "rendered_content": "<p>There is nothing more useful nor more pleasant than to have wings. To begin with, just let us suppose a spectator to be dying with hunger and to be weary of the choruses of the tragic poets; if they were winged, they would fly off, go home to dine and come back with their stomach filled.</p>", "rendered_content_version": 1, "date_sent": "2024-09-06T18:50:30.052Z", "sending_client": 4, "last_edit_time": null, "edit_history": null, "has_attachment": false, "has_image": false, "has_link": false, "search_tsvector": null}}, {"model": "zerver.realm", "pk": 1, "fields": {"name": "System bot realm", "description": "", "string_id": "zulipinternal", "date_created": "2024-09-06T19:39:49.670Z", "demo_organization_scheduled_deletion_date": null, "deactivated": false, "deactivated_redirect": null, "emails_restricted_to_domains": false, "invite_required": true, "_max_invites": null, "disallow_disposable_email_addresses": true, "authentication_methods": "2147483647", "enable_spectator_access": false, "want_advertise_in_communities_directory": false, "inline_image_preview": true, "inline_url_embed_preview": false, "digest_emails_enabled": false, "digest_weekday": 1, "send_welcome_emails": true, "message_content_allowed_in_email_notifications": true, "mandatory_topics": false, "name_changes_disabled": false, "email_changes_disabled": false, "avatar_changes_disabled": false, "add_custom_emoji_policy": 1, "create_public_stream_policy": 1, "create_private_stream_policy": 1, "create_web_public_stream_policy": 7, "delete_own_message_policy": 2, "edit_topic_policy": 5, "invite_to_realm_policy": 1, "invite_to_stream_policy": 1, "move_messages_between_streams_policy": 2, "user_group_edit_policy": 1, "private_message_policy": 1, "wildcard_mention_policy": 5, "email_address_visibility": 1, "waiting_period_threshold": 0, "message_content_delete_limit_seconds": 600, "allow_message_editing": true, "message_content_edit_limit_seconds": 600, "allow_edit_history": true, "default_language": "en", "notifications_stream": null, "signup_notifications_stream": null, "message_retention_days": -1, "message_visibility_limit": null, "first_visible_message_id": 0, "org_type": 0, "plan_type": 1, "bot_creation_policy": 1, "upload_quota_gb": null, "video_chat_provider": 1, "giphy_rating": 2, "default_code_block_language": null, "enable_read_receipts": false, "icon_source": "G", "icon_version": 1, "logo_source": "D", "logo_version": 1, "night_logo_source": "D", "night_logo_version": 1}}, {"model": "zerver.realm", "pk": 2, "fields": {"name": "Zulip Dev", "description": "The Zulip development environment default organization.  It's great for testing!", "string_id": "zulip", "date_created": "2024-09-06T19:39:49.804Z", "demo_organization_scheduled_deletion_date": null, "deactivated": false, "deactivated_redirect": null, "emails_restricted_to_domains": false, "invite_required": false, "_max_invites": null, "disallow_disposable_email_addresses": true, "authentication_methods": "2147483647", "enable_spectator_access": true, "want_advertise_in_communities_directory": false, "inline_image_preview": true, "inline_url_embed_preview": false, "digest_emails_enabled": false, "digest_weekday": 1, "send_welcome_emails": true, "message_content_allowed_in_email_notifications": true, "mandatory_topics": false, "name_changes_disabled": false, "email_changes_disabled": false, "avatar_changes_disabled": false, "add_custom_emoji_policy": 1, "create_public_stream_policy": 1, "create_private_stream_policy": 1, "create_web_public_stream_policy": 7, "delete_own_message_policy": 2, "edit_topic_policy": 5, "invite_to_realm_policy": 1, "invite_to_stream_policy": 1, "move_messages_between_streams_policy": 2, "user_group_edit_policy": 1, "private_message_policy": 1, "wildcard_mention_policy": 2, "email_address_visibility": 3, "waiting_period_threshold": 0, "message_content_delete_limit_seconds": 600, "allow_message_editing": true, "message_content_edit_limit_seconds": 600, "allow_edit_history": true, "default_language": "en", "notifications_stream": 1, "signup_notifications_stream": 2, "message_retention_days": -1, "message_visibility_limit": null, "first_visible_message_id": 0, "org_type": 10, "plan_type": 1, "bot_creation_policy": 1, "upload_quota_gb": null, "video_chat_provider": 1, "giphy_rating": 2, "default_code_block_language": null, "enable_read_receipts": true, "icon_source": "G", "icon_version": 1, "logo_source": "D", "logo_version": 1, "night_logo_source": "D", "night_logo_version": 1}}, {"model": "zerver.realm", "pk": 3, "fields": {"name": "MIT", "description": "", "string_id": "zephyr", "date_created": "2024-09-06T19:39:49.886Z", "demo_organization_scheduled_deletion_date": null, "deactivated": false, "deactivated_redirect": null, "emails_restricted_to_domains": true, "invite_required": false, "_max_invites": null, "disallow_disposable_email_addresses": true, "authentication_methods": "2147483647", "enable_spectator_access": false, "want_advertise_in_communities_directory": false, "inline_image_preview": true, "inline_url_embed_preview": false, "digest_emails_enabled": false, "digest_weekday": 1, "send_welcome_emails": true, "message_content_allowed_in_email_notifications": true, "mandatory_topics": false, "name_changes_disabled": false, "email_changes_disabled": false, "avatar_changes_disabled": false, "add_custom_emoji_policy": 1, "create_public_stream_policy": 1, "create_private_stream_policy": 1, "create_web_public_stream_policy": 7, "delete_own_message_policy": 2, "edit_topic_policy": 5, "invite_to_realm_policy": 1, "invite_to_stream_policy": 1, "move_messages_between_streams_policy": 2, "user_group_edit_policy": 1, "private_message_policy": 1, "wildcard_mention_policy": 5, "email_address_visibility": 1, "waiting_period_threshold": 0, "message_content_delete_limit_seconds": 600, "allow_message_editing": true, "message_content_edit_limit_seconds": 600, "allow_edit_history": true, "default_language": "en", "notifications_stream": 3, "signup_notifications_stream": 4, "message_retention_days": -1, "message_visibility_limit": null, "first_visible_message_id": 0, "org_type": 10, "plan_type": 1, "bot_creation_policy": 1, "upload_quota_gb": null, "video_chat_provider": 1, "giphy_rating": 2, "default_code_block_language": null, "enable_read_receipts": true, "icon_source": "G", "icon_version": 1, "logo_source": "D", "logo_version": 1, "night_logo_source": "D", "night_logo_version": 1}}, {"model": "zerver.realm", "pk": 4, "fields": {"name": "Lear & Co.", "description": "", "string_id": "lear", "date_created": "2024-09-06T19:39:49.955Z", "demo_organization_scheduled_deletion_date": null, "deactivated": false, "deactivated_redirect": null, "emails_restricted_to_domains": false, "invite_required": false, "_max_invites": null, "disallow_disposable_email_addresses": true, "authentication_methods": "2147483647", "enable_spectator_access": false, "want_advertise_in_communities_directory": false, "inline_image_preview": true, "inline_url_embed_preview": false, "digest_emails_enabled": false, "digest_weekday": 1, "send_welcome_emails": true, "message_content_allowed_in_email_notifications": true, "mandatory_topics": false, "name_changes_disabled": false, "email_changes_disabled": false, "avatar_changes_disabled": false, "add_custom_emoji_policy": 1, "create_public_stream_policy": 1, "create_private_stream_policy": 1, "create_web_public_stream_policy": 7, "delete_own_message_policy": 2, "edit_topic_policy": 5, "invite_to_realm_policy": 1, "invite_to_stream_policy": 1, "move_messages_between_streams_policy": 2, "user_group_edit_policy": 1, "private_message_policy": 1, "wildcard_mention_policy": 5, "email_address_visibility": 1, "waiting_period_threshold": 0, "message_content_delete_limit_seconds": 600, "allow_message_editing": true, "message_content_edit_limit_seconds": 600, "allow_edit_history": true, "default_language": "en", "notifications_stream": 5, "signup_notifications_stream": 6, "message_retention_days": -1, "message_visibility_limit": null, "first_visible_message_id": 0, "org_type": 10, "plan_type": 1, "bot_creation_policy": 1, "upload_quota_gb": null, "video_chat_provider": 1, "giphy_rating": 2, "default_code_block_language": null, "enable_read_receipts": false, "icon_source": "G", "icon_version": 1, "logo_source": "D", "logo_version": 1, "night_logo_source": "D", "night_logo_version": 1}}, {"model": "zerver.usermessage", "pk": 1, "fields": {"user_profile": 7, "flags": "1", "message": 1}}, {"model": "zerver.usermessage", "pk": 2, "fields": {"user_profile": 9, "flags": "1", "message": 1}}, {"model": "zerver.usermessage", "pk": 3, "fields": {"user_profile": 10, "flags": "1", "message": 1}}, {"model": "zerver.usermessage", "pk": 4, "fields": {"user_profile": 11, "flags": "1", "message": 1}}, {"model": "zerver.usermessage", "pk": 5, "fields": {"user_profile": 12, "flags": "1", "message": 1}}, {"model": "zerver.usermessage", "pk": 6, "fields": {"user_profile": 14, "flags": "1", "message": 1}}, {"model": "zerver.usermessage", "pk": 7, "fields": {"user_profile": 15, "flags": "1", "message": 1}}, {"model": "zerver.usermessage", "pk": 8, "fields": {"user_profile": 9, "flags": "1", "message": 2}}, {"model": "zerver.usermessage", "pk": 9, "fields": {"user_profile": 14, "flags": "1", "message": 2}}, {"model": "zerver.usermessage", "pk": 10, "fields": {"user_profile": 7, "flags": "1", "message": 2}}, {"model": "zerver.usermessage", "pk": 11, "fields": {"user_profile": 7, "flags": "1", "message": 3}}, {"model": "zerver.usermessage", "pk": 12, "fields": {"user_profile": 9, "flags": "1", "message": 3}}, {"model": "zerver.usermessage", "pk": 13, "fields": {"user_profile": 10, "flags": "1", "message": 3}}, {"model": "zerver.usermessage", "pk": 14, "fields": {"user_profile": 11, "flags": "1", "message": 3}}, {"model": "zerver.usermessage", "pk": 15, "fields": {"user_profile": 12, "flags": "1", "message": 3}}, {"model": "zerver.usermessage", "pk": 16, "fields": {"user_profile": 14, "flags": "1", "message": 3}}, {"model": "zerver.usermessage", "pk": 17, "fields": {"user_profile": 15, "flags": "1", "message": 3}}, {"model": "zerver.usermessage", "pk": 18, "fields": {"user_profile": 7, "flags": "513", "message": 4}}, {"model": "zerver.usermessage", "pk": 19, "fields": {"user_profile": 9, "flags": "513", "message": 4}}, {"model": "zerver.usermessage", "pk": 20, "fields": {"user_profile": 10, "flags": "513", "message": 4}}, {"model": "zerver.usermessage", "pk": 21, "fields": {"user_profile": 11, "flags": "513", "message": 4}}, {"model": "zerver.usermessage", "pk": 22, "fields": {"user_profile": 12, "flags": "513", "message": 4}}, {"model": "zerver.usermessage", "pk": 23, "fields": {"user_profile": 14, "flags": "513", "message": 4}}, {"model": "zerver.usermessage", "pk": 24, "fields": {"user_profile": 15, "flags": "1", "message": 4}}, {"model": "zerver.usermessage", "pk": 25, "fields": {"user_profile": 7, "flags": "1", "message": 5}}, {"model": "zerver.usermessage", "pk": 26, "fields": {"user_profile": 9, "flags": "1", "message": 5}}, {"model": "zerver.usermessage", "pk": 27, "fields": {"user_profile": 10, "flags": "1", "message": 5}}, {"model": "zerver.usermessage", "pk": 28, "fields": {"user_profile": 11, "flags": "1", "message": 5}}, {"model": "zerver.usermessage", "pk": 29, "fields": {"user_profile": 12, "flags": "1", "message": 5}}, {"model": "zerver.usermessage", "pk": 30, "fields": {"user_profile": 14, "flags": "1", "message": 5}}, {"model": "zerver.usermessage", "pk": 31, "fields": {"user_profile": 15, "flags": "1", "message": 5}}, {"model": "zerver.usermessage", "pk": 32, "fields": {"user_profile": 7, "flags": "513", "message": 6}}, {"model": "zerver.usermessage", "pk": 33, "fields": {"user_profile": 9, "flags": "513", "message": 6}}, {"model": "zerver.usermessage", "pk": 34, "fields": {"user_profile": 10, "flags": "513", "message": 6}}, {"model": "zerver.usermessage", "pk": 35, "fields": {"user_profile": 11, "flags": "1", "message": 6}}, {"model": "zerver.usermessage", "pk": 36, "fields": {"user_profile": 12, "flags": "1", "message": 6}}, {"model": "zerver.usermessage", "pk": 37, "fields": {"user_profile": 14, "flags": "1", "message": 6}}, {"model": "zerver.usermessage", "pk": 38, "fields": {"user_profile": 15, "flags": "1", "message": 6}}, {"model": "zerver.usermessage", "pk": 39, "fields": {"user_profile": 9, "flags": "1", "message": 7}}, {"model": "zerver.usermessage", "pk": 40, "fields": {"user_profile": 10, "flags": "513", "message": 7}}, {"model": "zerver.usermessage", "pk": 41, "fields": {"user_profile": 11, "flags": "1", "message": 7}}, {"model": "zerver.usermessage", "pk": 42, "fields": {"user_profile": 9, "flags": "1", "message": 8}}, {"model": "zerver.usermessage", "pk": 43, "fields": {"user_profile": 10, "flags": "1", "message": 8}}, {"model": "zerver.usermessage", "pk": 44, "fields": {"user_profile": 11, "flags": "1", "message": 8}}, {"model": "zerver.usermessage", "pk": 45, "fields": {"user_profile": 9, "flags": "1", "message": 9}}, {"model": "zerver.usermessage", "pk": 46, "fields": {"user_profile": 14, "flags": "1", "message": 9}}, {"model": "zerver.usermessage", "pk": 47, "fields": {"user_profile": 7, "flags": "1", "message": 9}}, {"model": "zerver.usermessage", "pk": 48, "fields": {"user_profile": 9, "flags": "1", "message": 10}}, {"model": "zerver.usermessage", "pk": 49, "fields": {"user_profile": 14, "flags": "1", "message": 10}}, {"model": "zerver.usermessage", "pk": 50, "fields": {"user_profile": 7, "flags": "1", "message": 10}}, {"model": "zerver.usermessage", "pk": 51, "fields": {"user_profile": 7, "flags": "1", "message": 11}}, {"model": "zerver.usermessage", "pk": 52, "fields": {"user_profile": 9, "flags": "1", "message": 11}}, {"model": "zerver.usermessage", "pk": 53, "fields": {"user_profile": 10, "flags": "1", "message": 11}}, {"model": "zerver.usermessage", "pk": 54, "fields": {"user_profile": 11, "flags": "1", "message": 11}}, {"model": "zerver.usermessage", "pk": 55, "fields": {"user_profile": 12, "flags": "1", "message": 11}}, {"model": "zerver.usermessage", "pk": 56, "fields": {"user_profile": 14, "flags": "1", "message": 11}}, {"model": "zerver.usermessage", "pk": 57, "fields": {"user_profile": 15, "flags": "1", "message": 11}}, {"model": "zerver.usermessage", "pk": 58, "fields": {"user_profile": 7, "flags": "1", "message": 12}}, {"model": "zerver.usermessage", "pk": 59, "fields": {"user_profile": 9, "flags": "1", "message": 12}}, {"model": "zerver.usermessage", "pk": 60, "fields": {"user_profile": 10, "flags": "1", "message": 12}}, {"model": "zerver.usermessage", "pk": 61, "fields": {"user_profile": 11, "flags": "1", "message": 12}}, {"model": "zerver.usermessage", "pk": 62, "fields": {"user_profile": 12, "flags": "1", "message": 12}}, {"model": "zerver.usermessage", "pk": 63, "fields": {"user_profile": 14, "flags": "1", "message": 12}}, {"model": "zerver.usermessage", "pk": 64, "fields": {"user_profile": 15, "flags": "1", "message": 12}}, {"model": "zerver.usermessage", "pk": 65, "fields": {"user_profile": 7, "flags": "1", "message": 13}}, {"model": "zerver.usermessage", "pk": 66, "fields": {"user_profile": 9, "flags": "1", "message": 13}}, {"model": "zerver.usermessage", "pk": 67, "fields": {"user_profile": 10, "flags": "1", "message": 13}}, {"model": "zerver.usermessage", "pk": 68, "fields": {"user_profile": 11, "flags": "1", "message": 13}}, {"model": "zerver.usermessage", "pk": 69, "fields": {"user_profile": 12, "flags": "1", "message": 13}}, {"model": "zerver.usermessage", "pk": 70, "fields": {"user_profile": 14, "flags": "1", "message": 13}}, {"model": "zerver.usermessage", "pk": 71, "fields": {"user_profile": 15, "flags": "1", "message": 13}}, {"model": "zerver.usermessage", "pk": 72, "fields": {"user_profile": 9, "flags": "1", "message": 14}}, {"model": "zerver.usermessage", "pk": 73, "fields": {"user_profile": 14, "flags": "1", "message": 14}}, {"model": "zerver.usermessage", "pk": 74, "fields": {"user_profile": 7, "flags": "1", "message": 14}}, {"model": "zerver.usermessage", "pk": 75, "fields": {"user_profile": 7, "flags": "513", "message": 15}}, {"model": "zerver.usermessage", "pk": 76, "fields": {"user_profile": 11, "flags": "1", "message": 15}}, {"model": "zerver.usermessage", "pk": 77, "fields": {"user_profile": 12, "flags": "513", "message": 15}}, {"model": "zerver.usermessage", "pk": 78, "fields": {"user_profile": 14, "flags": "1", "message": 15}}, {"model": "zerver.usermessage", "pk": 79, "fields": {"user_profile": 15, "flags": "1", "message": 15}}, {"model": "zerver.usermessage", "pk": 80, "fields": {"user_profile": 7, "flags": "1", "message": 16}}, {"model": "zerver.usermessage", "pk": 81, "fields": {"user_profile": 9, "flags": "1", "message": 17}}, {"model": "zerver.usermessage", "pk": 82, "fields": {"user_profile": 10, "flags": "1", "message": 17}}, {"model": "zerver.usermessage", "pk": 83, "fields": {"user_profile": 11, "flags": "1", "message": 17}}, {"model": "zerver.usermessage", "pk": 84, "fields": {"user_profile": 7, "flags": "1", "message": 18}}, {"model": "zerver.usermessage", "pk": 85, "fields": {"user_profile": 11, "flags": "1", "message": 18}}, {"model": "zerver.usermessage", "pk": 86, "fields": {"user_profile": 12, "flags": "1", "message": 18}}, {"model": "zerver.usermessage", "pk": 87, "fields": {"user_profile": 14, "flags": "1", "message": 18}}, {"model": "zerver.usermessage", "pk": 88, "fields": {"user_profile": 15, "flags": "1", "message": 18}}, {"model": "zerver.usermessage", "pk": 89, "fields": {"user_profile": 7, "flags": "1", "message": 19}}, {"model": "zerver.usermessage", "pk": 90, "fields": {"user_profile": 9, "flags": "1", "message": 20}}, {"model": "zerver.usermessage", "pk": 91, "fields": {"user_profile": 10, "flags": "1", "message": 20}}, {"model": "zerver.usermessage", "pk": 92, "fields": {"user_profile": 11, "flags": "513", "message": 20}}, {"model": "zerver.usermessage", "pk": 93, "fields": {"user_profile": 7, "flags": "1", "message": 21}}, {"model": "zerver.usermessage", "pk": 94, "fields": {"user_profile": 9, "flags": "1", "message": 21}}, {"model": "zerver.usermessage", "pk": 95, "fields": {"user_profile": 10, "flags": "1", "message": 21}}, {"model": "zerver.usermessage", "pk": 96, "fields": {"user_profile": 11, "flags": "1", "message": 21}}, {"model": "zerver.usermessage", "pk": 97, "fields": {"user_profile": 12, "flags": "1", "message": 21}}, {"model": "zerver.usermessage", "pk": 98, "fields": {"user_profile": 14, "flags": "1", "message": 21}}, {"model": "zerver.usermessage", "pk": 99, "fields": {"user_profile": 15, "flags": "1", "message": 21}}, {"model": "zerver.usermessage", "pk": 100, "fields": {"user_profile": 9, "flags": "1", "message": 22}}, {"model": "zerver.usermessage", "pk": 101, "fields": {"user_profile": 14, "flags": "1", "message": 22}}, {"model": "zerver.usermessage", "pk": 102, "fields": {"user_profile": 7, "flags": "1", "message": 22}}, {"model": "zerver.usermessage", "pk": 103, "fields": {"user_profile": 7, "flags": "1", "message": 23}}, {"model": "zerver.usermessage", "pk": 104, "fields": {"user_profile": 9, "flags": "1", "message": 23}}, {"model": "zerver.usermessage", "pk": 105, "fields": {"user_profile": 10, "flags": "1", "message": 23}}, {"model": "zerver.usermessage", "pk": 106, "fields": {"user_profile": 11, "flags": "1", "message": 23}}, {"model": "zerver.usermessage", "pk": 107, "fields": {"user_profile": 12, "flags": "1", "message": 23}}, {"model": "zerver.usermessage", "pk": 108, "fields": {"user_profile": 14, "flags": "1", "message": 23}}, {"model": "zerver.usermessage", "pk": 109, "fields": {"user_profile": 15, "flags": "1", "message": 23}}, {"model": "zerver.usermessage", "pk": 110, "fields": {"user_profile": 7, "flags": "1", "message": 24}}, {"model": "zerver.usermessage", "pk": 111, "fields": {"user_profile": 9, "flags": "1", "message": 24}}, {"model": "zerver.usermessage", "pk": 112, "fields": {"user_profile": 10, "flags": "1", "message": 24}}, {"model": "zerver.usermessage", "pk": 113, "fields": {"user_profile": 11, "flags": "1", "message": 24}}, {"model": "zerver.usermessage", "pk": 114, "fields": {"user_profile": 12, "flags": "1", "message": 24}}, {"model": "zerver.usermessage", "pk": 115, "fields": {"user_profile": 14, "flags": "1", "message": 24}}, {"model": "zerver.usermessage", "pk": 116, "fields": {"user_profile": 15, "flags": "1", "message": 24}}, {"model": "zerver.usermessage", "pk": 117, "fields": {"user_profile": 7, "flags": "1", "message": 25}}, {"model": "zerver.usermessage", "pk": 118, "fields": {"user_profile": 9, "flags": "1", "message": 25}}, {"model": "zerver.usermessage", "pk": 119, "fields": {"user_profile": 10, "flags": "1", "message": 25}}, {"model": "zerver.usermessage", "pk": 120, "fields": {"user_profile": 11, "flags": "1", "message": 25}}, {"model": "zerver.usermessage", "pk": 121, "fields": {"user_profile": 12, "flags": "1", "message": 25}}, {"model": "zerver.usermessage", "pk": 122, "fields": {"user_profile": 14, "flags": "1", "message": 25}}, {"model": "zerver.usermessage", "pk": 123, "fields": {"user_profile": 15, "flags": "1", "message": 25}}, {"model": "zerver.usermessage", "pk": 124, "fields": {"user_profile": 9, "flags": "1", "message": 26}}, {"model": "zerver.usermessage", "pk": 125, "fields": {"user_profile": 10, "flags": "1", "message": 26}}, {"model": "zerver.usermessage", "pk": 126, "fields": {"user_profile": 11, "flags": "1", "message": 26}}, {"model": "zerver.usermessage", "pk": 127, "fields": {"user_profile": 9, "flags": "1", "message": 27}}, {"model": "zerver.usermessage", "pk": 128, "fields": {"user_profile": 10, "flags": "1", "message": 27}}, {"model": "zerver.usermessage", "pk": 129, "fields": {"user_profile": 11, "flags": "1", "message": 27}}, {"model": "zerver.usermessage", "pk": 130, "fields": {"user_profile": 7, "flags": "1", "message": 28}}, {"model": "zerver.usermessage", "pk": 131, "fields": {"user_profile": 9, "flags": "1", "message": 28}}, {"model": "zerver.usermessage", "pk": 132, "fields": {"user_profile": 10, "flags": "1", "message": 28}}, {"model": "zerver.usermessage", "pk": 133, "fields": {"user_profile": 11, "flags": "1", "message": 28}}, {"model": "zerver.usermessage", "pk": 134, "fields": {"user_profile": 12, "flags": "1", "message": 28}}, {"model": "zerver.usermessage", "pk": 135, "fields": {"user_profile": 14, "flags": "1", "message": 28}}, {"model": "zerver.usermessage", "pk": 136, "fields": {"user_profile": 15, "flags": "1", "message": 28}}, {"model": "zerver.usermessage", "pk": 137, "fields": {"user_profile": 6, "flags": "1", "message": 29}}, {"model": "zerver.usermessage", "pk": 138, "fields": {"user_profile": 7, "flags": "1", "message": 29}}, {"model": "zerver.usermessage", "pk": 139, "fields": {"user_profile": 8, "flags": "1", "message": 29}}, {"model": "zerver.usermessage", "pk": 140, "fields": {"user_profile": 9, "flags": "1", "message": 29}}, {"model": "zerver.usermessage", "pk": 141, "fields": {"user_profile": 10, "flags": "1", "message": 29}}, {"model": "zerver.usermessage", "pk": 142, "fields": {"user_profile": 11, "flags": "1", "message": 29}}, {"model": "zerver.usermessage", "pk": 143, "fields": {"user_profile": 12, "flags": "1", "message": 29}}, {"model": "zerver.usermessage", "pk": 144, "fields": {"user_profile": 13, "flags": "1", "message": 29}}, {"model": "zerver.usermessage", "pk": 145, "fields": {"user_profile": 14, "flags": "1", "message": 29}}, {"model": "zerver.usermessage", "pk": 146, "fields": {"user_profile": 15, "flags": "1", "message": 29}}, {"model": "zerver.usermessage", "pk": 147, "fields": {"user_profile": 7, "flags": "1", "message": 30}}, {"model": "zerver.usermessage", "pk": 148, "fields": {"user_profile": 9, "flags": "1", "message": 30}}, {"model": "zerver.usermessage", "pk": 149, "fields": {"user_profile": 10, "flags": "1", "message": 30}}, {"model": "zerver.usermessage", "pk": 150, "fields": {"user_profile": 11, "flags": "1", "message": 30}}, {"model": "zerver.usermessage", "pk": 151, "fields": {"user_profile": 12, "flags": "1", "message": 30}}, {"model": "zerver.usermessage", "pk": 152, "fields": {"user_profile": 14, "flags": "1", "message": 30}}, {"model": "zerver.usermessage", "pk": 153, "fields": {"user_profile": 15, "flags": "1", "message": 30}}, {"model": "zerver.client", "pk": 1, "fields": {"name": "website"}}, {"model": "zerver.client", "pk": 2, "fields": {"name": "ZulipMobile"}}, {"model": "zerver.client", "pk": 3, "fields": {"name": "ZulipElectron"}}, {"model": "zerver.client", "pk": 4, "fields": {"name": "populate_db"}}, {"model": "zerver.defaultstream", "pk": 1, "fields": {"realm": 2, "stream": 1}}, {"model": "zerver.defaultstream", "pk": 2, "fields": {"realm": 3, "stream": 3}}, {"model": "zerver.defaultstream", "pk": 3, "fields": {"realm": 4, "stream": 5}}]